run,repetition,module,name,count,sumweights,mean,stddev,min,max
General-0-20200620-21:14:22-20653,0,exercise_7.Users[0].pppg$o[0].channel,throughput:stats,30764,,1136.163367694,165.79958643773,315.65921353481,2817.0223240278
General-0-20200620-21:14:22-20653,0,exercise_7.Users[1].pppg$o[0].channel,throughput:stats,31271,,1185.8537089664,111.07324909509,440,2783.7512830477
General-0-20200620-21:14:22-20653,0,exercise_7.Users[2].pppg$o[0].channel,throughput:stats,32436,,1336.8746328703,248.6150407813,440,2854.8511022738
General-0-20200620-21:14:22-20653,0,exercise_7.Users[3].pppg$o[0].channel,throughput:stats,33182,,1239.0716997654,147.98886270593,440,2793.5719668155
General-0-20200620-21:14:22-20653,0,exercise_7.Users[4].pppg$o[0].channel,throughput:stats,31574,,1296.5124445861,138.77021787682,440,2798.0342170762
General-0-20200620-21:14:22-20653,0,exercise_7.Users[5].pppg$o[0].channel,throughput:stats,31202,,1207.1094299784,117.96029561459,440,2772.8932278678
General-0-20200620-21:14:22-20653,0,exercise_7.Users[6].pppg$o[0].channel,throughput:stats,31278,,1347.4260869859,166.2897668109,151.10012009584,2424.7203364734
General-0-20200620-21:14:22-20653,0,exercise_7.Users[7].pppg$o[0].channel,throughput:stats,33685,,1312.6411787217,236.81791999201,440,2736.0263544792
General-0-20200620-21:14:22-20653,0,exercise_7.Users[8].pppg$o[0].channel,throughput:stats,30380,,1316.7762728238,217.05674498021,440,2506.7867979323
General-0-20200620-21:14:22-20653,0,exercise_7.Users[9].pppg$o[0].channel,throughput:stats,30934,,1227.7154856943,106.87476188175,440,2423.3313341428
General-0-20200620-21:14:22-20653,0,exercise_7.Users[10].pppg$o[0].channel,throughput:stats,29727,,1129.546667139,121.87302538265,440,2528.9869991669
General-0-20200620-21:14:22-20653,0,exercise_7.Users[11].pppg$o[0].channel,throughput:stats,32880,,1316.49517162,176.9783119625,440,2763.8285972487
General-0-20200620-21:14:22-20653,0,exercise_7.Users[12].pppg$o[0].channel,throughput:stats,34445,,1439.9455866855,157.47601324282,440,2421.9439222827
General-0-20200620-21:14:22-20653,0,exercise_7.Users[13].pppg$o[0].channel,throughput:stats,32499,,1184.0512170948,126.59679875827,106.13496368277,2421.4818046284
General-0-20200620-21:14:22-20653,0,exercise_7.Users[14].pppg$o[0].channel,throughput:stats,31337,,1275.140992076,70.22485275446,440,2421.0198632887
General-0-20200620-21:14:22-20653,0,exercise_7.Users[15].pppg$o[0].channel,throughput:stats,34184,,1259.2002541343,134.09619679673,440,2420.5580981626
General-0-20200620-21:14:22-20653,0,exercise_7.Users[16].pppg$o[0].channel,throughput:stats,32562,,1240.3208590812,108.82109972459,370.68826755024,2420.0965091495
General-0-20200620-21:14:22-20653,0,exercise_7.Users[17].pppg$o[0].channel,throughput:stats,32542,,1366.9826368706,206.74349945383,440,2860.0037356736
General-0-20200620-21:14:22-20653,0,exercise_7.Users[18].pppg$o[0].channel,throughput:stats,34421,,1310.2895987426,129.44571989501,440,2515.9240974148
General-0-20200620-21:14:22-20653,0,exercise_7.Users[19].pppg$o[0].channel,throughput:stats,29740,,1264.6726075708,133.84317620298,440,2418.7127977802
General-0-20200620-21:14:22-20653,0,exercise_7.Users[20].pppg$o[0].channel,throughput:stats,31639,,1297.3430106582,124.15000322169,287.77909145597,2418.2519122119
General-0-20200620-21:14:22-20653,0,exercise_7.Users[21].pppg$o[0].channel,throughput:stats,34606,,1371.1364149508,79.146193165512,440,2417.7912022536
General-0-20200620-21:14:22-20653,0,exercise_7.Users[22].pppg$o[0].channel,throughput:stats,33602,,1370.555775441,123.75578909593,440,2512.5043086514
General-0-20200620-21:14:22-20653,0,exercise_7.Users[23].pppg$o[0].channel,throughput:stats,31931,,1344.4546976787,161.48441154387,440,2630.3728190425
General-0-20200620-21:14:22-20653,0,exercise_7.Users[24].pppg$o[0].channel,throughput:stats,33268,,1297.3028286688,188.33569003338,440,2857.6362062045
General-0-20200620-21:14:22-20653,0,exercise_7.Users[25].pppg$o[0].channel,throughput:stats,28070,,1088.0979166628,187.8320463441,440,2845.5093861721
General-0-20200620-21:14:22-20653,0,exercise_7.Users[26].pppg$o[0].channel,throughput:stats,31584,,1173.955080654,86.709747723917,320.03658832709,2577.5839943283
General-0-20200620-21:14:22-20653,0,exercise_7.Users[27].pppg$o[0].channel,throughput:stats,32896,,1302.6087800301,166.86736906706,440,2829.595229692
General-0-20200620-21:14:22-20653,0,exercise_7.Users[28].pppg$o[0].channel,throughput:stats,29021,,1167.3845881449,233.17265867395,440,2875.5958388048
General-0-20200620-21:14:22-20653,0,exercise_7.Users[29].pppg$o[0].channel,throughput:stats,31873,,1279.3877806511,226.03740475985,440,2860.6969177505
General-0-20200620-21:14:22-20653,0,exercise_7.Users[30].pppg$o[0].channel,throughput:stats,31960,,1284.8583943552,92.232118581263,440,2425.0910060566
General-0-20200620-21:14:22-20653,0,exercise_7.Users[31].pppg$o[0].channel,throughput:stats,34460,,1406.7890388862,90.562498977716,440,2424.6276867819
General-0-20200620-21:14:22-20653,0,exercise_7.Users[32].pppg$o[0].channel,throughput:stats,33128,,1200.8832772951,135.99420466704,266.34318866358,2760.3244822435
General-0-20200620-21:14:22-20653,0,exercise_7.Users[33].pppg$o[0].channel,throughput:stats,28243,,1110.44097307,147.92436479329,373.10718613722,2426.7715664832
General-0-20200620-21:14:22-20653,0,exercise_7.Users[34].pppg$o[0].channel,throughput:stats,32294,,1163.5315617982,84.10729209983,288.1035610868,2423.2387905678
General-0-20200620-21:14:22-20653,0,exercise_7.Users[35].pppg$o[0].channel,throughput:stats,33684,,1260.3255174905,108.00370177459,440,2603.0766502371
General-0-20200620-21:14:22-20653,0,exercise_7.Users[36].pppg$o[0].channel,throughput:stats,30042,,1093.0842236155,161.83055167749,440,2715.218475832
General-0-20200620-21:14:22-20653,0,exercise_7.Users[37].pppg$o[0].channel,throughput:stats,33704,,1318.3653737697,100.50879991591,440,2421.8514846418
General-0-20200620-21:14:22-20653,0,exercise_7.Users[38].pppg$o[0].channel,throughput:stats,29286,,1159.7762982091,173.71801288665,440,2515.5888887089
General-0-20200620-21:14:22-20653,0,exercise_7.Users[39].pppg$o[0].channel,throughput:stats,32338,,1336.8201422822,130.4219522332,440,2443.6453217397
General-0-20200620-21:14:22-20653,0,exercise_7.Users[40].pppg$o[0].channel,throughput:stats,34038,,1345.9600467342,113.39351889668,440,2873.7374491501
General-0-20200620-21:14:22-20653,0,exercise_7.Users[41].pppg$o[0].channel,throughput:stats,29214,,1276.5062704016,164.79880933911,440,2420.0042124715
General-0-20200620-21:14:22-20653,0,exercise_7.Users[42].pppg$o[0].channel,throughput:stats,35307,,1292.8559247749,105.73652050376,440,2419.5428346608
General-0-20200620-21:14:22-20653,0,exercise_7.Users[43].pppg$o[0].channel,throughput:stats,31267,,1194.7320302935,103.75363800501,440,2419.0816327415
General-0-20200620-21:14:22-20653,0,exercise_7.Users[44].pppg$o[0].channel,throughput:stats,30882,,1238.6510806509,144.03294172423,440,2418.6206066129
General-0-20200620-21:14:22-20653,0,exercise_7.Users[45].pppg$o[0].channel,throughput:stats,34466,,1305.1616080084,80.358440252746,440,2418.1597561747
General-0-20200620-21:14:22-20653,0,exercise_7.Users[46].pppg$o[0].channel,throughput:stats,32290,,1296.0359703165,242.35848059314,440,2487.0214438192
General-0-20200620-21:14:22-20653,0,exercise_7.Users[47].pppg$o[0].channel,throughput:stats,31586,,1223.5169929656,174.99206335486,440,2552.3098252085
General-0-20200620-21:14:22-20653,0,exercise_7.Users[48].pppg$o[0].channel,throughput:stats,28148,,1101.1084058953,72.427523007658,440,2416.778257998
General-0-20200620-21:14:22-20653,0,exercise_7.Users[49].pppg$o[0].channel,throughput:stats,31275,,1159.2173560259,107.24951823831,440,2416.3181093176
General-0-20200620-21:14:22-20653,0,exercise_7.Users[50].pppg$o[0].channel,throughput:stats,29494,,1183.3422217868,147.97829961265,440,2822.4208939523
General-0-20200620-21:14:22-20653,0,exercise_7.Users[51].pppg$o[0].channel,throughput:stats,34669,,1272.8431382015,212.38741987117,440,2863.7609723005
General-0-20200620-21:14:22-20653,0,exercise_7.Users[52].pppg$o[0].channel,throughput:stats,33002,,1183.6524850312,168.09441046149,440,2722.1606562088
General-0-20200620-21:14:22-20653,0,exercise_7.Users[53].pppg$o[0].channel,throughput:stats,30797,,1210.6876746243,120.59996046823,153.60343662839,2584.7696948812
General-0-20200620-21:14:22-20653,0,exercise_7.Users[54].pppg$o[0].channel,throughput:stats,30257,,1183.3715969769,119.12961981808,440,2683.2197960705
General-0-20200620-21:14:22-20653,0,exercise_7.Users[55].pppg$o[0].channel,throughput:stats,29853,,1211.0388884681,152.24297442459,440,2801.6238783055
General-0-20200620-21:14:22-20653,0,exercise_7.Users[56].pppg$o[0].channel,throughput:stats,31018,,1210.7204057034,106.14887149677,440,2424.5350441705
General-0-20200620-21:14:22-20653,0,exercise_7.Users[57].pppg$o[0].channel,throughput:stats,30560,,1075.0883666325,135.00050856278,440,2571.234259033
General-0-20200620-21:14:22-20653,0,exercise_7.Users[58].pppg$o[0].channel,throughput:stats,30574,,1138.2943961464,134.70535878015,357.50331795597,2509.9041280999
General-0-20200620-21:14:22-20653,0,exercise_7.Users[59].pppg$o[0].channel,throughput:stats,30200,,1229.6680294513,113.02369603286,440,2423.1462540606
General-0-20200620-21:14:22-20653,0,exercise_7.Users[60].pppg$o[0].channel,throughput:stats,31132,,1256.4365130967,296.36542035867,440,2780.7730197149
General-0-20200620-21:14:22-20653,0,exercise_7.Users[61].pppg$o[0].channel,throughput:stats,34685,,1307.130716224,188.20351485521,440,2781.3721770963
General-0-20200620-21:14:22-20653,0,exercise_7.Users[62].pppg$o[0].channel,throughput:stats,32669,,1256.5418681462,112.80816985944,440,2421.7590540567
General-0-20200620-21:14:22-20653,0,exercise_7.Users[63].pppg$o[0].channel,throughput:stats,30941,,1304.2281721482,192.88203306545,440,2728.8638759913
General-0-20200620-21:14:22-20653,0,exercise_7.Users[64].pppg$o[0].channel,throughput:stats,31203,,1257.4220187492,99.123428356864,134.77889221377,2420.8351360983
General-0-20200620-21:14:22-20653,0,exercise_7.Users[65].pppg$o[0].channel,throughput:stats,29927,,1294.4958723785,190.80363746749,440,2420.3734414295
General-0-20200620-21:14:22-20653,0,exercise_7.Users[66].pppg$o[0].channel,throughput:stats,34274,,1327.5296979317,193.1784586877,440,2563.4551791142
General-0-20200620-21:14:22-20653,0,exercise_7.Users[67].pppg$o[0].channel,throughput:stats,32136,,1248.8075185662,96.595594474806,440,2419.4505802089
General-0-20200620-21:14:22-20653,0,exercise_7.Users[68].pppg$o[0].channel,throughput:stats,33243,,1420.1709181961,146.9655310995,391.69594584516,2418.9894134557
General-0-20200620-21:14:22-20653,0,exercise_7.Users[69].pppg$o[0].channel,throughput:stats,34195,,1382.2982960129,137.12067672697,440,2418.5284224733
General-0-20200620-21:14:22-20653,0,exercise_7.Users[70].pppg$o[0].channel,throughput:stats,32068,,1343.051607575,71.154818128232,363.37955070084,2418.067607161
General-0-20200620-21:14:22-20653,0,exercise_7.Users[71].pppg$o[0].channel,throughput:stats,33963,,1308.8202830857,154.07714654307,193.90054114703,2417.6069674186
General-0-20200620-21:14:22-20653,0,exercise_7.Users[72].pppg$o[0].channel,throughput:stats,31217,,1319.9430348391,226.60102937764,440,2620.9996809662
General-0-20200620-21:14:22-20653,0,exercise_7.Users[73].pppg$o[0].channel,throughput:stats,30220,,1272.4375107561,242.97148098977,440,2561.4756858954
General-0-20200620-21:14:22-20653,0,exercise_7.Users[74].pppg$o[0].channel,throughput:stats,33769,,1524.1069862532,214.09111319145,440,2650.8856579327
General-0-20200620-21:14:22-20653,0,exercise_7.Users[75].pppg$o[0].channel,throughput:stats,31830,,1287.7104237328,119.88759483509,356.75192264657,2498.6488533444
General-0-20200620-21:14:22-20653,0,exercise_7.Users[76].pppg$o[0].channel,throughput:stats,29359,,1342.0993721981,328.81978239934,440,2817.7738274011
General-0-20200620-21:14:22-20653,0,exercise_7.Users[77].pppg$o[0].channel,throughput:stats,25434,,1002.0444583691,306.69798174203,440,2717.5728955516
General-0-20200620-21:14:22-20653,0,exercise_7.Users[78].pppg$o[0].channel,throughput:stats,31726,,1368.9663267656,315.03102354983,440,2827.908875397
General-0-20200620-21:14:22-20653,0,exercise_7.Users[79].pppg$o[0].channel,throughput:stats,34270,,1363.1099018998,121.55143586758,440,2798.0016556341
General-0-20200620-21:14:22-20653,0,exercise_7.Users[80].pppg$o[0].channel,throughput:stats,34144,,1380.6936811195,193.32538788694,440,2776.7804784505
General-0-20200620-21:14:22-20653,0,exercise_7.Users[81].pppg$o[0].channel,throughput:stats,31041,,1165.5413034874,101.05856608893,438.75886878744,2424.4424086384
General-0-20200620-21:14:22-20653,0,exercise_7.Users[82].pppg$o[0].channel,throughput:stats,31499,,1252.9619762408,111.50583788869,425.14221855721,2423.9793371389
General-0-20200620-21:14:22-20653,0,exercise_7.Users[83].pppg$o[0].channel,throughput:stats,30581,,1190.0609148541,125.00940276709,440,2555.5507711017
General-0-20200620-21:14:22-20653,0,exercise_7.Users[84].pppg$o[0].channel,throughput:stats,33879,,1233.6369471755,183.76793815399,440,2611.055962886
General-0-20200620-21:14:22-20653,0,exercise_7.Users[85].pppg$o[0].channel,throughput:stats,33959,,1425.8285443029,100.9690381481,418.12851955402,2422.5911833994
General-0-20200620-21:14:22-20653,0,exercise_7.Users[86].pppg$o[0].channel,throughput:stats,35031,,1377.2648865496,147.42229634683,440,2836.3422384681
General-0-20200620-21:14:22-20653,0,exercise_7.Users[87].pppg$o[0].channel,throughput:stats,30850,,1275.8192217643,117.79640332976,440,2421.6666305267
General-0-20200620-21:14:22-20653,0,exercise_7.Users[88].pppg$o[0].channel,throughput:stats,30640,,1120.6727042519,88.291836545238,440,2421.2046186733
General-0-20200620-21:14:22-20653,0,exercise_7.Users[89].pppg$o[0].channel,throughput:stats,31799,,1290.1110025521,140.13748990609,440,2420.7427830739
General-0-20200620-21:14:22-20653,0,exercise_7.Users[90].pppg$o[0].channel,throughput:stats,30269,,1276.109354151,134.91376875342,440,2420.2811236276
General-0-20200620-21:14:22-20653,0,exercise_7.Users[91].pppg$o[0].channel,throughput:stats,33335,,1262.4226084427,127.23170618817,440,2419.8196402338
General-0-20200620-21:14:22-20653,0,exercise_7.Users[92].pppg$o[0].channel,throughput:stats,32913,,1292.1521180469,101.69015988769,440,2419.3583327918
General-0-20200620-21:14:22-20653,0,exercise_7.Users[93].pppg$o[0].channel,throughput:stats,31943,,1261.6852630264,129.26887735794,440,2418.8972012008
General-0-20200620-21:14:22-20653,0,exercise_7.Users[94].pppg$o[0].channel,throughput:stats,32983,,1344.9125887768,142.4819299518,440,2776.4174890862
General-0-20200620-21:14:22-20653,0,exercise_7.Users[95].pppg$o[0].channel,throughput:stats,33111,,1426.2414774972,179.21662418688,376.34166286035,2417.9754651702
General-0-20200620-21:14:22-20653,0,exercise_7.Users[96].pppg$o[0].channel,throughput:stats,32459,,1293.827400265,234.57005726691,440,2675.7099544357
General-0-20200620-21:14:22-20653,0,exercise_7.Users[97].pppg$o[0].channel,throughput:stats,31435,,1208.6026802835,74.754049274449,440,2417.0544313386
General-0-20200620-21:14:22-20653,0,exercise_7.Users[98].pppg$o[0].channel,throughput:stats,29174,,1185.9727467858,108.68485132005,440,2416.5941774968
General-0-20200620-21:14:22-20653,0,exercise_7.Users[99].pppg$o[0].channel,throughput:stats,30100,,1208.0796630083,150.7647033067,440,2519.8086795335
General-0-20200620-21:14:22-20653,0,exercise_7.Users[100].pppg$o[0].channel,throughput:stats,29092,,1354.4113475366,305.59390267615,440,2900.8769335595
General-0-20200620-21:14:22-20653,0,exercise_7.Users[101].pppg$o[0].channel,throughput:stats,30567,,1072.0926382432,155.71500498188,440,2813.4238799452
General-0-20200620-21:14:22-20653,0,exercise_7.Users[102].pppg$o[0].channel,throughput:stats,30829,,1352.4697923322,254.96559411067,440,2799.2778745242
General-0-20200620-21:14:22-20653,0,exercise_7.Users[103].pppg$o[0].channel,throughput:stats,31575,,1320.7227111747,176.61775966682,440,2844.4040273351
General-0-20200620-21:14:22-20653,0,exercise_7.Users[104].pppg$o[0].channel,throughput:stats,31540,,1245.9064591559,96.340578224721,440,2636.5286564226
General-0-20200620-21:14:22-20653,0,exercise_7.Users[105].pppg$o[0].channel,throughput:stats,30184,,1144.8144468894,90.675978969923,144.67162493593,2424.8129932458
General-0-20200620-21:14:22-20653,0,exercise_7.Users[106].pppg$o[0].channel,throughput:stats,31495,,1262.5105749141,137.68446707355,440,2424.3497801848
General-0-20200620-21:14:22-20653,0,exercise_7.Users[107].pppg$o[0].channel,throughput:stats,32272,,1269.554310898,102.7234713701,440,2423.8867440655
General-0-20200620-21:14:22-20653,0,exercise_7.Users[108].pppg$o[0].channel,throughput:stats,33559,,1311.0133283808,92.292762462275,440,2423.4238847867
General-0-20200620-21:14:22-20653,0,exercise_7.Users[109].pppg$o[0].channel,throughput:stats,32511,,1363.1749516564,140.74130332381,440,2730.7870503822
General-0-20200620-21:14:22-20653,0,exercise_7.Users[110].pppg$o[0].channel,throughput:stats,31561,,1476.5620895502,242.98951365289,440,2477.7159480056
General-0-20200620-21:14:22-20653,0,exercise_7.Users[111].pppg$o[0].channel,throughput:stats,31562,,1148.4525082492,100.34451952238,440,2422.0363669801
General-0-20200620-21:14:22-20653,0,exercise_7.Users[112].pppg$o[0].channel,throughput:stats,30682,,1186.741570627,87.732303528893,440,2421.5742140509
General-0-20200620-21:14:22-20653,0,exercise_7.Users[113].pppg$o[0].channel,throughput:stats,31858,,1339.165982633,168.03477087792,440,2421.1122374563
General-0-20200620-21:14:22-20653,0,exercise_7.Users[114].pppg$o[0].channel,throughput:stats,35343,,1453.8391981431,101.87670492427,440,2420.6504370956
General-0-20200620-21:14:22-20653,0,exercise_7.Users[115].pppg$o[0].channel,throughput:stats,32651,,1266.1167089587,131.9109734399,265.58205548365,2420.1888128679
General-0-20200620-21:14:22-20653,0,exercise_7.Users[116].pppg$o[0].channel,throughput:stats,34723,,1341.8264538938,193.83989927551,440,2789.084967197
General-0-20200620-21:14:22-20653,0,exercise_7.Users[117].pppg$o[0].channel,throughput:stats,33420,,1265.3129989335,114.76718442463,440,2797.8503376461
General-0-20200620-21:14:22-20653,0,exercise_7.Users[118].pppg$o[0].channel,throughput:stats,32075,,1187.4142238361,160.52671582987,440,2772.6011515489
General-0-20200620-21:14:22-20653,0,exercise_7.Users[119].pppg$o[0].channel,throughput:stats,33129,,1269.4279346399,104.01654423839,440,2418.3440752736
General-0-20200620-21:14:22-20653,0,exercise_7.Users[120].pppg$o[0].channel,throughput:stats,30847,,1173.0686394584,110.67275166831,440,2417.8833302013
General-0-20200620-21:14:22-20653,0,exercise_7.Users[121].pppg$o[0].channel,throughput:stats,30894,,1126.221664726,97.404392033074,361.82300567218,2417.4227606587
General-0-20200620-21:14:22-20653,0,exercise_7.Users[122].pppg$o[0].channel,throughput:stats,33133,,1273.5541832752,175.89545291385,341.90659814189,2416.9623665455
General-0-20200620-21:14:22-20653,0,exercise_7.Users[123].pppg$o[0].channel,throughput:stats,33061,,1255.0471446462,105.73156484842,402.56087257915,2416.5021477615
General-0-20200620-21:14:22-20653,0,exercise_7.Users[124].pppg$o[0].channel,throughput:stats,30751,,1251.4981541711,109.36243755372,440,2416.0421042065
General-0-20200620-21:14:22-20653,0,exercise_7.Users[125].pppg$o[0].channel,throughput:stats,33815,,1300.8619809858,108.77915211232,440,2806.5148052732
General-0-20200620-21:14:22-20653,0,exercise_7.Users[126].pppg$o[0].channel,throughput:stats,35274,,1420.8606232397,173.32976103477,440,2851.6246762229
General-0-20200620-21:14:22-20653,0,exercise_7.Users[127].pppg$o[0].channel,throughput:stats,32111,,1244.5597648878,129.96365811571,440,2813.1115317181
General-0-20200620-21:14:22-20653,0,exercise_7.Users[128].pppg$o[0].channel,throughput:stats,27579,,1044.2635444296,213.13500979506,440,2816.069089284
General-0-20200620-21:14:22-20653,0,exercise_7.Users[129].pppg$o[0].channel,throughput:stats,33206,,1295.915473372,208.77534621431,440,2650.2201545731
General-0-20200620-21:14:22-20653,0,exercise_7.Users[130].pppg$o[0].channel,throughput:stats,32736,,1347.3153469761,208.0059291113,440,2663.8419481432
General-0-20200620-21:14:22-20653,0,exercise_7.Users[131].pppg$o[0].channel,throughput:stats,32184,,1175.7441339349,112.1524392384,440,2424.7203364734
General-0-20200620-21:14:22-20653,0,exercise_7.Users[132].pppg$o[0].channel,throughput:stats,30290,,1251.700331285,116.71247062107,440,2529.8017568037
General-0-20200620-21:14:22-20653,0,exercise_7.Users[133].pppg$o[0].channel,throughput:stats,35362,,1309.456240483,100.18111043255,440,2423.7941580658
General-0-20200620-21:14:22-20653,0,exercise_7.Users[134].pppg$o[0].channel,throughput:stats,32764,,1208.39865795,116.93997805744,440,2423.3313341428
General-0-20200620-21:14:22-20653,0,exercise_7.Users[135].pppg$o[0].channel,throughput:stats,31241,,1133.3664191953,139.85899080896,349.23638131883,2422.8686869388
General-0-20200620-21:14:22-20653,0,exercise_7.Users[136].pppg$o[0].channel,throughput:stats,32694,,1371.4406482364,180.21723863656,440,2567.6141084163
General-0-20200620-21:14:22-20653,0,exercise_7.Users[137].pppg$o[0].channel,throughput:stats,32129,,1348.180245926,225.78297120942,440,2738.170457975
General-0-20200620-21:14:22-20653,0,exercise_7.Users[138].pppg$o[0].channel,throughput:stats,34746,,1403.4356555885,115.47875426794,440,2523.086262686
General-0-20200620-21:14:22-20653,0,exercise_7.Users[139].pppg$o[0].channel,throughput:stats,30681,,1233.8515520424,98.951270196068,440,2421.0198632887
General-0-20200620-21:14:22-20653,0,exercise_7.Users[140].pppg$o[0].channel,throughput:stats,32950,,1309.3437166624,99.181354188482,440,2420.5580981626
General-0-20200620-21:14:22-20653,0,exercise_7.Users[141].pppg$o[0].channel,throughput:stats,34427,,1220.6889983989,156.98674373014,440,2686.094552599
General-0-20200620-21:14:22-20653,0,exercise_7.Users[142].pppg$o[0].channel,throughput:stats,32582,,1185.7132054721,108.82269273702,440,2717.1017977378
General-0-20200620-21:14:22-20653,0,exercise_7.Users[143].pppg$o[0].channel,throughput:stats,32275,,1354.2230097009,148.42163136809,440,2419.1738590589
General-0-20200620-21:14:22-20653,0,exercise_7.Users[144].pppg$o[0].channel,throughput:stats,35107,,1407.4543810903,102.24635612185,378.59366468977,2418.7127977802
General-0-20200620-21:14:22-20653,0,exercise_7.Users[145].pppg$o[0].channel,throughput:stats,32501,,1225.1681278786,118.91728456476,440,2614.0325797827
General-0-20200620-21:14:22-20653,0,exercise_7.Users[146].pppg$o[0].channel,throughput:stats,31107,,1212.7284324333,133.30969839739,440,2472.8949753906
General-0-20200620-21:14:22-20653,0,exercise_7.Users[147].pppg$o[0].channel,throughput:stats,28819,,1114.9064426082,90.971673437383,440,2417.3306678049
General-0-20200620-21:14:22-20653,0,exercise_7.Users[148].pppg$o[0].channel,throughput:stats,35489,,1467.7981675502,128.89319795905,440,2622.4914770736
General-0-20200620-21:14:22-20653,0,exercise_7.Users[149].pppg$o[0].channel,throughput:stats,30109,,1242.1041372901,119.17290949781,440,2783.0907548752
General-0-20200620-21:14:22-20653,0,exercise_7.Users[150].pppg$o[0].channel,throughput:stats,31100,,1208.5179313948,127.58535199835,440,2815.897686317
General-0-20200620-21:14:22-20653,0,exercise_7.Users[151].pppg$o[0].channel,throughput:stats,29230,,1268.965807556,223.80495355124,440,2824.7939681655
General-0-20200620-21:14:22-20653,0,exercise_7.Users[152].pppg$o[0].channel,throughput:stats,33667,,1213.7130786731,109.22324163528,440,2812.7992528376
General-0-20200620-21:14:22-20653,0,exercise_7.Users[153].pppg$o[0].channel,throughput:stats,34007,,1243.0574647348,160.59159807479,440,2796.0045947875
General-0-20200620-21:14:22-20653,0,exercise_7.Users[154].pppg$o[0].channel,throughput:stats,31376,,1359.4928295343,251.40176963197,234.86946553992,2638.3531995442
General-0-20200620-21:14:22-20653,0,exercise_7.Users[155].pppg$o[0].channel,throughput:stats,33777,,1426.3249305225,189.77128088099,440,2573.9728139
General-0-20200620-21:14:22-20653,0,exercise_7.Users[156].pppg$o[0].channel,throughput:stats,32696,,1209.5922109564,104.58875381556,237.96401174744,2424.6276867819
General-0-20200620-21:14:22-20653,0,exercise_7.Users[157].pppg$o[0].channel,throughput:stats,35468,,1465.2735690118,120.46132052063,440,2523.5282590522
General-0-20200620-21:14:22-20653,0,exercise_7.Users[158].pppg$o[0].channel,throughput:stats,31507,,1249.6092409535,169.90153979976,440,2733.7468795753
General-0-20200620-21:14:22-20653,0,exercise_7.Users[159].pppg$o[0].channel,throughput:stats,32328,,1321.8243896846,180.53018759863,440,2578.5852459605
General-0-20200620-21:14:22-20653,0,exercise_7.Users[160].pppg$o[0].channel,throughput:stats,29636,,1129.1268881644,126.26335014736,440,2565.9428392182
General-0-20200620-21:14:22-20653,0,exercise_7.Users[161].pppg$o[0].channel,throughput:stats,31224,,1162.8189674327,154.2054089931,440,2422.3137434204
General-0-20200620-21:14:22-20653,0,exercise_7.Users[162].pppg$o[0].channel,throughput:stats,30508,,1128.1736045397,108.1200333685,440,2421.8514846418
General-0-20200620-21:14:22-20653,0,exercise_7.Users[163].pppg$o[0].channel,throughput:stats,33529,,1305.1705293811,112.078588953,324.96680120784,2421.3894022585
General-0-20200620-21:14:22-20653,0,exercise_7.Users[164].pppg$o[0].channel,throughput:stats,35563,,1299.5412969872,121.83972789324,440,2525.2994651295
General-0-20200620-21:14:22-20653,0,exercise_7.Users[165].pppg$o[0].channel,throughput:stats,30400,,1167.460083249,115.17135492501,234.87578562341,2690.1785870159
General-0-20200620-21:14:22-20653,0,exercise_7.Users[166].pppg$o[0].channel,throughput:stats,30051,,1071.0009254323,98.022171562322,440,2420.0042124715
General-0-20200620-21:14:22-20653,0,exercise_7.Users[167].pppg$o[0].channel,throughput:stats,32349,,1216.8460936664,120.37348886675,440,2545.6023192654
General-0-20200620-21:14:22-20653,0,exercise_7.Users[168].pppg$o[0].channel,throughput:stats,35720,,1459.9706332675,116.44150434225,440,2505.9280612605
General-0-20200620-21:14:22-20653,0,exercise_7.Users[169].pppg$o[0].channel,throughput:stats,33038,,1323.1496463283,128.17245155545,440,2437.2097191071
General-0-20200620-21:14:22-20653,0,exercise_7.Users[170].pppg$o[0].channel,throughput:stats,32367,,1212.1455938997,83.876965705029,440,2418.1597561747
General-0-20200620-21:14:22-20653,0,exercise_7.Users[171].pppg$o[0].channel,throughput:stats,37343,,1370.2302754465,144.60999185006,440,2602.9517473684
General-0-20200620-21:14:22-20653,0,exercise_7.Users[172].pppg$o[0].channel,throughput:stats,32034,,1320.575024057,124.27398965411,440,2480.85407283
General-0-20200620-21:14:22-20653,0,exercise_7.Users[173].pppg$o[0].channel,throughput:stats,31446,,1258.8270523886,155.00772669237,440,2416.778257998
General-0-20200620-21:14:22-20653,0,exercise_7.Users[174].pppg$o[0].channel,throughput:stats,32384,,1311.9373303578,180.34123435584,404.46632800535,2416.3181093176
General-0-20200620-21:14:22-20653,0,exercise_7.Users[175].pppg$o[0].channel,throughput:stats,36488,,1518.2511975157,203.10590328877,440,2783.7682380191
General-0-20200620-21:14:22-20653,0,exercise_7.Users[176].pppg$o[0].channel,throughput:stats,36398,,1549.9481617964,172.40413208132,440,2842.8554018645
General-0-20200620-21:14:22-20653,0,exercise_7.Users[177].pppg$o[0].channel,throughput:stats,32579,,1291.4176814164,123.63542747011,369.0626348836,2676.5697339402
General-0-20200620-21:14:22-20653,0,exercise_7.Users[178].pppg$o[0].channel,throughput:stats,30104,,1161.86501731,71.041609216206,385.92630995832,2545.1909154025
General-0-20200620-21:14:22-20653,0,exercise_7.Users[179].pppg$o[0].channel,throughput:stats,32132,,1414.8364557453,368.27421551429,440,2868.4439494877
General-0-20200620-21:14:22-20653,0,exercise_7.Users[180].pppg$o[0].channel,throughput:stats,30988,,1189.4290690468,184.69447224891,440,2860.3277418508
General-0-20200620-21:14:22-20653,0,exercise_7.Users[181].pppg$o[0].channel,throughput:stats,28898,,1148.399184557,166.91268049885,440,2665.639881146
General-0-20200620-21:14:22-20653,0,exercise_7.Users[182].pppg$o[0].channel,throughput:stats,33967,,1237.0014557741,122.42069696744,440,2630.961978292
General-0-20200620-21:14:22-20653,0,exercise_7.Users[183].pppg$o[0].channel,throughput:stats,32041,,1232.2178869027,91.283206746089,440,2423.6090072838
General-0-20200620-21:14:22-20653,0,exercise_7.Users[184].pppg$o[0].channel,throughput:stats,29597,,1159.6292496683,160.35414806393,440,2708.8675277932
General-0-20200620-21:14:22-20653,0,exercise_7.Users[185].pppg$o[0].channel,throughput:stats,30902,,1304.5095968723,133.16496196593,440,2628.5329497006
General-0-20200620-21:14:22-20653,0,exercise_7.Users[186].pppg$o[0].channel,throughput:stats,31651,,1161.4887620961,223.58946370983,440,2709.1729227973
General-0-20200620-21:14:22-20653,0,exercise_7.Users[187].pppg$o[0].channel,throughput:stats,33143,,1211.2920779377,136.32507040227,440,2421.7590540567
General-0-20200620-21:14:22-20653,0,exercise_7.Users[188].pppg$o[0].channel,throughput:stats,30743,,1294.3543508349,154.08019530083,440,2582.8268325426
General-0-20200620-21:14:22-20653,0,exercise_7.Users[189].pppg$o[0].channel,throughput:stats,31849,,1308.4529325215,185.80552595168,440,2420.8351360983
General-0-20200620-21:14:22-20653,0,exercise_7.Users[190].pppg$o[0].channel,throughput:stats,37179,,1407.211126109,122.63041304472,440,2495.1686864951
General-0-20200620-21:14:22-20653,0,exercise_7.Users[191].pppg$o[0].channel,throughput:stats,29375,,1117.8321741782,115.48918372025,440,2419.9119228332
General-0-20200620-21:14:22-20653,0,exercise_7.Users[192].pppg$o[0].channel,throughput:stats,31972,,1204.3339931693,154.53175183462,440,2419.4505802089
General-0-20200620-21:14:22-20653,0,exercise_7.Users[193].pppg$o[0].channel,throughput:stats,34479,,1360.4180568086,123.22125187884,440,2418.9894134557
General-0-20200620-21:14:22-20653,0,exercise_7.Users[194].pppg$o[0].channel,throughput:stats,30549,,1088.1667362731,113.39954244889,92.520863428587,2418.5284224733
General-0-20200620-21:14:22-20653,0,exercise_7.Users[195].pppg$o[0].channel,throughput:stats,34171,,1427.7128958564,151.52257604914,362.91293474285,2418.067607161
General-0-20200620-21:14:22-20653,0,exercise_7.Users[196].pppg$o[0].channel,throughput:stats,31587,,1263.3824202164,170.68054589214,440,2550.9539587366
General-0-20200620-21:14:22-20653,0,exercise_7.Users[197].pppg$o[0].channel,throughput:stats,28576,,1199.7462372647,230.57987784027,440,2683.9623928121
General-0-20200620-21:14:22-20653,0,exercise_7.Users[198].pppg$o[0].channel,throughput:stats,33478,,1302.200812455,146.66400052628,440,2416.686214242
General-0-20200620-21:14:22-20653,0,exercise_7.Users[199].pppg$o[0].channel,throughput:stats,31464,,1238.9312383926,157.66965663928,440,2728.1513277428
General-0-20200620-21:14:22-20653,0,exercise_7.Users[200].pppg$o[0].channel,throughput:stats,30845,,1209.2259845251,243.68224460704,440,2854.2577308122
General-0-20200620-21:14:22-20653,0,exercise_7.Users[201].pppg$o[0].channel,throughput:stats,33544,,1339.7606841373,112.41626210159,440,2797.9426666079
General-0-20200620-21:14:22-20653,0,exercise_7.Users[202].pppg$o[0].channel,throughput:stats,33611,,1380.7584439723,210.5995683702,440,2821.4560283363
General-0-20200620-21:14:22-20653,0,exercise_7.Users[203].pppg$o[0].channel,throughput:stats,32193,,1248.6756278946,206.06237149828,440,2714.069534338
General-0-20200620-21:14:22-20653,0,exercise_7.Users[204].pppg$o[0].channel,throughput:stats,27409,,1043.8099500135,124.46914827008,440,2785.1430140232
General-0-20200620-21:14:22-20653,0,exercise_7.Users[205].pppg$o[0].channel,throughput:stats,30063,,1257.2623019914,174.03910060126,440,2705.5500745395
General-0-20200620-21:14:22-20653,0,exercise_7.Users[206].pppg$o[0].channel,throughput:stats,29911,,1143.8222505254,109.57065469089,440,2593.2620904841
General-0-20200620-21:14:22-20653,0,exercise_7.Users[207].pppg$o[0].channel,throughput:stats,31575,,1089.7511458259,134.32845991901,223.63593265094,2423.9793371389
General-0-20200620-21:14:22-20653,0,exercise_7.Users[208].pppg$o[0].channel,throughput:stats,31349,,1154.1431747961,71.63227967794,440,2423.5164425001
General-0-20200620-21:14:22-20653,0,exercise_7.Users[209].pppg$o[0].channel,throughput:stats,33826,,1241.668603853,143.78396703688,440,2568.5569373046
General-0-20200620-21:14:22-20653,0,exercise_7.Users[210].pppg$o[0].channel,throughput:stats,33578,,1435.0479110136,246.71638794787,440,2427.4155465809
General-0-20200620-21:14:22-20653,0,exercise_7.Users[211].pppg$o[0].channel,throughput:stats,28307,,1175.1885159711,153.63246696473,440,2804.6801074733
General-0-20200620-21:14:22-20653,0,exercise_7.Users[212].pppg$o[0].channel,throughput:stats,28694,,1126.9651219164,89.509472442169,440,2421.6666305267
General-0-20200620-21:14:22-20653,0,exercise_7.Users[213].pppg$o[0].channel,throughput:stats,31150,,1218.0594608122,123.14866002592,440,2421.2046186733
General-0-20200620-21:14:22-20653,0,exercise_7.Users[214].pppg$o[0].channel,throughput:stats,30679,,1180.9456704622,87.334071429699,440,2420.7427830739
General-0-20200620-21:14:22-20653,0,exercise_7.Users[215].pppg$o[0].channel,throughput:stats,31945,,1358.881427089,180.63493435465,440,2559.6132429006
General-0-20200620-21:14:22-20653,0,exercise_7.Users[216].pppg$o[0].channel,throughput:stats,31200,,1248.5332572631,142.61870613481,440,2419.8196402338
General-0-20200620-21:14:22-20653,0,exercise_7.Users[217].pppg$o[0].channel,throughput:stats,34109,,1249.7143560235,123.07903474136,108.78690908614,2419.3583327918
General-0-20200620-21:14:22-20653,0,exercise_7.Users[218].pppg$o[0].channel,throughput:stats,35004,,1261.4436638585,189.56309129739,282.16872164971,2418.8972012008
General-0-20200620-21:14:22-20653,0,exercise_7.Users[219].pppg$o[0].channel,throughput:stats,32948,,1289.0552835613,108.68203634603,440,2799.431066771
General-0-20200620-21:14:22-20653,0,exercise_7.Users[220].pppg$o[0].channel,throughput:stats,31974,,1271.6627633432,177.95795512427,440,2731.0692343154
General-0-20200620-21:14:22-20653,0,exercise_7.Users[221].pppg$o[0].channel,throughput:stats,32875,,1275.6944427019,154.15966216985,440,2443.8834023945
General-0-20200620-21:14:22-20653,0,exercise_7.Users[222].pppg$o[0].channel,throughput:stats,32376,,1255.003409638,132.79837720234,168.11185281671,2417.0544313386
General-0-20200620-21:14:22-20653,0,exercise_7.Users[223].pppg$o[0].channel,throughput:stats,36170,,1568.6093124082,253.31693881575,440,2634.7378971951
General-0-20200620-21:14:22-20653,0,exercise_7.Users[224].pppg$o[0].channel,throughput:stats,34594,,1398.3704237298,112.9879509287,440,2416.134098904
General-0-20200620-21:14:22-20653,0,exercise_7.Users[225].pppg$o[0].channel,throughput:stats,32363,,1260.3353230873,169.3392451356,440,2841.1634443594
General-0-20200620-21:14:22-20653,0,exercise_7.Users[226].pppg$o[0].channel,throughput:stats,33065,,1172.9048253568,174.84902929304,440,2829.6200088094
General-0-20200620-21:14:22-20653,0,exercise_7.Users[227].pppg$o[0].channel,throughput:stats,31086,,1160.7079431215,93.61956078104,440,2685.2647889441
General-0-20200620-21:14:22-20653,0,exercise_7.Users[228].pppg$o[0].channel,throughput:stats,30996,,1210.4278279094,102.681635345,440,2750.9326388518
General-0-20200620-21:14:22-20653,0,exercise_7.Users[229].pppg$o[0].channel,throughput:stats,30508,,1268.3200304383,134.42583064416,440,2755.6821948318
General-0-20200620-21:14:22-20653,0,exercise_7.Users[230].pppg$o[0].channel,throughput:stats,30740,,1151.8679421225,109.61815949594,440,2543.4519431869
General-0-20200620-21:14:22-20653,0,exercise_7.Users[231].pppg$o[0].channel,throughput:stats,33149,,1350.04742537,122.37606528507,440,2457.3716475785
General-0-20200620-21:14:22-20653,0,exercise_7.Users[232].pppg$o[0].channel,throughput:stats,30963,,1219.9436570478,182.17954077089,440,2745.5026661134
General-0-20200620-21:14:22-20653,0,exercise_7.Users[233].pppg$o[0].channel,throughput:stats,33947,,1395.4552940589,188.41114833987,440,2504.6671298456
General-0-20200620-21:14:22-20653,0,exercise_7.Users[234].pppg$o[0].channel,throughput:stats,33034,,1385.3027361777,158.76367429144,440,2803.4358809836
General-0-20200620-21:14:22-20653,0,exercise_7.Users[235].pppg$o[0].channel,throughput:stats,33936,,1305.0175435362,103.4424155308,440,2423.4856315817
General-0-20200620-21:14:22-20653,0,exercise_7.Users[236].pppg$o[0].channel,throughput:stats,33584,,1326.4215749598,117.82231167918,440,2601.4172276256
General-0-20200620-21:14:22-20653,0,exercise_7.Users[237].pppg$o[0].channel,throughput:stats,28279,,1158.2617906448,140.86150482397,440,2421.5742140509
General-0-20200620-21:14:22-20653,0,exercise_7.Users[238].pppg$o[0].channel,throughput:stats,30877,,1410.8926530224,215.62340923161,180.38502341477,2421.1122374563
General-0-20200620-21:14:22-20653,0,exercise_7.Users[239].pppg$o[0].channel,throughput:stats,34789,,1360.7038998938,105.07210129068,440,2420.6504370956
General-0-20200620-21:14:22-20653,0,exercise_7.Users[240].pppg$o[0].channel,throughput:stats,31403,,1280.7497758811,154.95983165154,195.44289963236,2420.1888128679
General-0-20200620-21:14:22-20653,0,exercise_7.Users[241].pppg$o[0].channel,throughput:stats,28878,,1163.3010809195,153.02514044487,440,2628.5501057369
General-0-20200620-21:14:22-20653,0,exercise_7.Users[242].pppg$o[0].channel,throughput:stats,34560,,1404.9717122539,180.74515124771,440,2839.9168518117
General-0-20200620-21:14:22-20653,0,exercise_7.Users[243].pppg$o[0].channel,throughput:stats,32012,,1249.5731289305,147.72733829857,440,2836.5343996416
General-0-20200620-21:14:22-20653,0,exercise_7.Users[244].pppg$o[0].channel,throughput:stats,29769,,1203.9562853635,132.77876355114,162.35486082693,2418.3440752736
General-0-20200620-21:14:22-20653,0,exercise_7.Users[245].pppg$o[0].channel,throughput:stats,32907,,1269.2319276179,120.55403427408,440,2417.8833302013
General-0-20200620-21:14:22-20653,0,exercise_7.Users[246].pppg$o[0].channel,throughput:stats,31472,,1215.4320171313,197.04961578967,440,2534.1225412833
General-0-20200620-21:14:22-20653,0,exercise_7.Users[247].pppg$o[0].channel,throughput:stats,32910,,1203.7024359537,205.19268538632,440,2591.61371975
General-0-20200620-21:14:22-20653,0,exercise_7.Users[248].pppg$o[0].channel,throughput:stats,30054,,1265.4284683051,271.63066819734,440,2635.0973966526
General-0-20200620-21:14:22-20653,0,exercise_7.Users[249].pppg$o[0].channel,throughput:stats,31732,,1265.2317807504,68.96038514597,440,2416.0421042065
General-0-20200620-21:14:22-20653,0,exercise_7.Users[250].pppg$o[0].channel,throughput:stats,29636,,1126.9220658009,174.61057184333,440,2844.4262449697
General-0-20200620-21:14:22-20653,0,exercise_7.Users[251].pppg$o[0].channel,throughput:stats,36480,,1391.6055147614,198.52021405427,440,2839.2595483584
General-0-20200620-21:14:22-20653,0,exercise_7.Users[252].pppg$o[0].channel,throughput:stats,32498,,1222.1939721089,143.20914574168,440,2692.129667556
General-0-20200620-21:14:22-20653,0,exercise_7.Users[253].pppg$o[0].channel,throughput:stats,34473,,1504.9811682085,223.91122734747,440,2795.6422542345
General-0-20200620-21:14:22-20653,0,exercise_7.Users[254].pppg$o[0].channel,throughput:stats,30105,,1153.6417594027,114.18766553273,440,2781.7251805346
General-0-20200620-21:14:22-20653,0,exercise_7.Users[255].pppg$o[0].channel,throughput:stats,31868,,1110.3037221,186.69528605884,440,2838.6555448265
General-0-20200620-21:14:22-20653,0,exercise_7.Users[256].pppg$o[0].channel,throughput:stats,30082,,1355.7554588588,172.22648865169,440,2424.7203364734
General-0-20200620-21:14:22-20653,0,exercise_7.Users[257].pppg$o[0].channel,throughput:stats,35867,,1332.1788393459,96.261775401472,440,2424.2571588088
General-0-20200620-21:14:22-20653,0,exercise_7.Users[258].pppg$o[0].channel,throughput:stats,33829,,1201.0663832659,93.218795653766,312.92607949001,2423.7941580658
General-0-20200620-21:14:22-20653,0,exercise_7.Users[259].pppg$o[0].channel,throughput:stats,35495,,1420.5136626322,120.97197049283,440,2585.937749627
General-0-20200620-21:14:22-20653,0,exercise_7.Users[260].pppg$o[0].channel,throughput:stats,31676,,1321.5589759594,130.52683823262,113.71311260524,2422.8686869388
General-0-20200620-21:14:22-20653,0,exercise_7.Users[261].pppg$o[0].channel,throughput:stats,29393,,1128.1179329871,94.502489181491,440,2422.4062163525
General-0-20200620-21:14:22-20653,0,exercise_7.Users[262].pppg$o[0].channel,throughput:stats,31123,,1277.6224934578,158.32271646698,440,2694.1437086406
General-0-20200620-21:14:22-20653,0,exercise_7.Users[263].pppg$o[0].channel,throughput:stats,30025,,1141.4341107993,112.7849519601,440,2421.4818046284
General-0-20200620-21:14:22-20653,0,exercise_7.Users[264].pppg$o[0].channel,throughput:stats,31907,,1259.7493587858,88.609928890889,440,2421.0198632887
General-0-20200620-21:14:22-20653,0,exercise_7.Users[265].pppg$o[0].channel,throughput:stats,33273,,1290.662041928,147.24151238368,440,2545.3777574848
General-0-20200620-21:14:22-20653,0,exercise_7.Users[266].pppg$o[0].channel,throughput:stats,30571,,1301.8673554086,139.15841065126,440,2554.1877461516
General-0-20200620-21:14:22-20653,0,exercise_7.Users[267].pppg$o[0].channel,throughput:stats,35203,,1466.2181910306,127.00618164981,440,2664.6737240529
General-0-20200620-21:14:22-20653,0,exercise_7.Users[268].pppg$o[0].channel,throughput:stats,31157,,1296.0625006529,122.97376405867,440,2419.1738590589
General-0-20200620-21:14:22-20653,0,exercise_7.Users[269].pppg$o[0].channel,throughput:stats,31222,,1175.0290514728,94.126899697081,180.07018133788,2418.7127977802
General-0-20200620-21:14:22-20653,0,exercise_7.Users[270].pppg$o[0].channel,throughput:stats,28603,,1110.3154613081,219.3713723325,440,2744.3285727195
General-0-20200620-21:14:22-20653,0,exercise_7.Users[271].pppg$o[0].channel,throughput:stats,32351,,1197.5458581203,95.920765367104,178.98088830257,2417.7912022536
General-0-20200620-21:14:22-20653,0,exercise_7.Users[272].pppg$o[0].channel,throughput:stats,30144,,1292.3914888102,201.9571853199,440,2534.198974082
General-0-20200620-21:14:22-20653,0,exercise_7.Users[273].pppg$o[0].channel,throughput:stats,32569,,1220.3431041883,79.728154364288,276.73150252892,2416.8703087656
General-0-20200620-21:14:22-20653,0,exercise_7.Users[274].pppg$o[0].channel,throughput:stats,31843,,1241.9513109128,178.94757755112,440,2845.4384128869
General-0-20200620-21:14:22-20653,0,exercise_7.Users[275].pppg$o[0].channel,throughput:stats,31744,,1228.0536470269,220.66392246404,440,2845.0947477351
General-0-20200620-21:14:22-20653,0,exercise_7.Users[276].pppg$o[0].channel,throughput:stats,32115,,1172.777688905,117.26327379788,142.69869710466,2481.9777707866
General-0-20200620-21:14:22-20653,0,exercise_7.Users[277].pppg$o[0].channel,throughput:stats,30359,,1375.6874369179,241.58113949856,440,2735.6526086019
General-0-20200620-21:14:22-20653,0,exercise_7.Users[278].pppg$o[0].channel,throughput:stats,31947,,1252.5941056118,184.86070142556,440,2807.4220226014
General-0-20200620-21:14:22-20653,0,exercise_7.Users[279].pppg$o[0].channel,throughput:stats,32214,,1216.8070932807,132.46673180243,440,2806.7408299473
General-0-20200620-21:14:22-20653,0,exercise_7.Users[280].pppg$o[0].channel,throughput:stats,32070,,1191.1542865866,138.76134748855,440,2679.6470503808
General-0-20200620-21:14:22-20653,0,exercise_7.Users[281].pppg$o[0].channel,throughput:stats,33732,,1194.331008879,137.09278260805,247.54594366078,2438.3572939768
General-0-20200620-21:14:22-20653,0,exercise_7.Users[282].pppg$o[0].channel,throughput:stats,32819,,1390.7203279201,224.38585388283,440,2824.2059842994
General-0-20200620-21:14:22-20653,0,exercise_7.Users[283].pppg$o[0].channel,throughput:stats,30283,,1110.5824123554,86.470563109313,412.09886458402,2423.7015791388
General-0-20200620-21:14:22-20653,0,exercise_7.Users[284].pppg$o[0].channel,throughput:stats,32884,,1219.6536561968,166.29674110389,440,2707.9217559105
General-0-20200620-21:14:22-20653,0,exercise_7.Users[285].pppg$o[0].channel,throughput:stats,31733,,1281.9781426286,154.81388868303,169.15504795242,2422.7761786954
General-0-20200620-21:14:22-20653,0,exercise_7.Users[286].pppg$o[0].channel,throughput:stats,34794,,1352.7654058559,116.13107462548,440,2422.3137434204
General-0-20200620-21:14:22-20653,0,exercise_7.Users[287].pppg$o[0].channel,throughput:stats,31411,,1340.9171350766,164.18833192339,394.53514586366,2421.8514846418
General-0-20200620-21:14:22-20653,0,exercise_7.Users[288].pppg$o[0].channel,throughput:stats,31728,,1184.8099760816,69.222706013926,179.85512200386,2421.3894022585
General-0-20200620-21:14:22-20653,0,exercise_7.Users[289].pppg$o[0].channel,throughput:stats,30034,,1211.0830082993,90.578597813472,440,2440.6801352455
General-0-20200620-21:14:22-20653,0,exercise_7.Users[290].pppg$o[0].channel,throughput:stats,31883,,1306.815750099,147.5716238349,440,2952.6415737567
General-0-20200620-21:14:22-20653,0,exercise_7.Users[291].pppg$o[0].channel,throughput:stats,30900,,1210.1006944586,92.682803732603,440,2420.0042124715
General-0-20200620-21:14:22-20653,0,exercise_7.Users[292].pppg$o[0].channel,throughput:stats,32217,,1216.9328993105,134.67952157427,171.14940562665,2419.5428346608
General-0-20200620-21:14:22-20653,0,exercise_7.Users[293].pppg$o[0].channel,throughput:stats,32847,,1419.8357983722,268.18612862741,440,2562.9192437296
General-0-20200620-21:14:22-20653,0,exercise_7.Users[294].pppg$o[0].channel,throughput:stats,29406,,1088.2791486897,119.6119651496,285.42861319988,2418.6206066129
General-0-20200620-21:14:22-20653,0,exercise_7.Users[295].pppg$o[0].channel,throughput:stats,30667,,1115.0141548209,93.959857304353,290.23396757168,2418.1597561747
General-0-20200620-21:14:22-20653,0,exercise_7.Users[296].pppg$o[0].channel,throughput:stats,30394,,1114.1658970079,102.17417057662,280.61160156277,2417.6990813263
General-0-20200620-21:14:22-20653,0,exercise_7.Users[297].pppg$o[0].channel,throughput:stats,31858,,1196.9703691468,115.25473096488,440,2536.7804741236
General-0-20200620-21:14:22-20653,0,exercise_7.Users[298].pppg$o[0].channel,throughput:stats,30120,,1030.3836624518,172.09812249364,118.7245772572,2416.778257998
General-0-20200620-21:14:22-20653,0,exercise_7.Users[299].pppg$o[0].channel,throughput:stats,31548,,1267.1654852041,127.51727307281,289.35842751146,2416.3181093176
General-0-20200620-21:14:22-20653,0,exercise_7.Users[300].pppg$o[0].channel,throughput:stats,27984,,1140.4257753612,143.24470341091,440,2806.7446966878
General-0-20200620-21:14:22-20653,0,exercise_7.Users[301].pppg$o[0].channel,throughput:stats,33523,,1335.8718837649,95.486855661626,440,2654.0175865052
General-0-20200620-21:14:22-20653,0,exercise_7.Users[302].pppg$o[0].channel,throughput:stats,32519,,1277.383592855,143.17407601933,440,2800.5298406661
General-0-20200620-21:14:22-20653,0,exercise_7.Users[303].pppg$o[0].channel,throughput:stats,34437,,1333.5792297316,226.04111418941,440,2855.2804273311
General-0-20200620-21:14:22-20653,0,exercise_7.Users[304].pppg$o[0].channel,throughput:stats,30916,,1231.1948463191,147.63635063262,440,2806.4657124286
General-0-20200620-21:14:22-20653,0,exercise_7.Users[305].pppg$o[0].channel,throughput:stats,33443,,1385.8843292921,174.66587120126,440,2858.5640218399
General-0-20200620-21:14:22-20653,0,exercise_7.Users[306].pppg$o[0].channel,throughput:stats,32707,,1297.9390451757,108.79656616749,285.83534671474,2424.5350441705
General-0-20200620-21:14:22-20653,0,exercise_7.Users[307].pppg$o[0].channel,throughput:stats,34855,,1228.7572533451,146.83218448926,440,2697.2045680186
General-0-20200620-21:14:22-20653,0,exercise_7.Users[308].pppg$o[0].channel,throughput:stats,32181,,1482.626008222,259.59260993553,440,2526.1623916815
General-0-20200620-21:14:22-20653,0,exercise_7.Users[309].pppg$o[0].channel,throughput:stats,33755,,1401.8134170496,245.1134125337,440,2763.0444795672
General-0-20200620-21:14:22-20653,0,exercise_7.Users[310].pppg$o[0].channel,throughput:stats,31289,,1196.9123645833,97.563185079435,412.42296838968,2422.6836775158
General-0-20200620-21:14:22-20653,0,exercise_7.Users[311].pppg$o[0].channel,throughput:stats,31807,,1201.9102429105,141.90205550253,214.94004129963,2422.2212775482
General-0-20200620-21:14:22-20653,0,exercise_7.Users[312].pppg$o[0].channel,throughput:stats,33483,,1290.048406193,126.2250461415,440,2421.7590540567
General-0-20200620-21:14:22-20653,0,exercise_7.Users[313].pppg$o[0].channel,throughput:stats,33558,,1311.6295839403,132.35010541955,440,2590.3431018558
General-0-20200620-21:14:22-20653,0,exercise_7.Users[314].pppg$o[0].channel,throughput:stats,31058,,1159.1729734198,114.7629620954,440,2454.357277573
General-0-20200620-21:14:22-20653,0,exercise_7.Users[315].pppg$o[0].channel,throughput:stats,35729,,1292.0906363572,116.01406882076,374.74041113537,2420.3734414295
General-0-20200620-21:14:22-20653,0,exercise_7.Users[316].pppg$o[0].channel,throughput:stats,26098,,952.68135824776,107.55357701125,440,2419.9119228332
General-0-20200620-21:14:22-20653,0,exercise_7.Users[317].pppg$o[0].channel,throughput:stats,31381,,1306.1676093358,91.928214629077,440,2419.4505802089
General-0-20200620-21:14:22-20653,0,exercise_7.Users[318].pppg$o[0].channel,throughput:stats,33123,,1311.3399519332,67.85814707629,440,2418.9894134557
General-0-20200620-21:14:22-20653,0,exercise_7.Users[319].pppg$o[0].channel,throughput:stats,31737,,1151.1241268341,97.421398808043,440,2418.5284224733
General-0-20200620-21:14:22-20653,0,exercise_7.Users[320].pppg$o[0].channel,throughput:stats,28388,,1162.161499546,99.792999565817,440,2418.067607161
General-0-20200620-21:14:22-20653,0,exercise_7.Users[321].pppg$o[0].channel,throughput:stats,31623,,1166.2925220162,138.15501801373,440,2417.6069674186
General-0-20200620-21:14:22-20653,0,exercise_7.Users[322].pppg$o[0].channel,throughput:stats,28878,,1339.2896516423,241.92429266771,440,2683.8057070838
General-0-20200620-21:14:22-20653,0,exercise_7.Users[323].pppg$o[0].channel,throughput:stats,29529,,1099.423569663,79.39333847879,440,2416.686214242
General-0-20200620-21:14:22-20653,0,exercise_7.Users[324].pppg$o[0].channel,throughput:stats,31318,,1145.5859876164,72.758202043622,440,2416.2261006074
General-0-20200620-21:14:22-20653,0,exercise_7.Users[325].pppg$o[0].channel,throughput:stats,30796,,1178.3390313724,125.29511949206,430.34867482691,2743.9223173999
General-0-20200620-21:14:22-20653,0,exercise_7.Users[326].pppg$o[0].channel,throughput:stats,30662,,1205.1919342157,147.78020186019,440,2797.9426666079
General-0-20200620-21:14:22-20653,0,exercise_7.Users[327].pppg$o[0].channel,throughput:stats,32857,,1361.4092006968,119.18549342237,440,2632.9750201098
General-0-20200620-21:14:22-20653,0,exercise_7.Users[328].pppg$o[0].channel,throughput:stats,28922,,1211.7668426871,175.40350622639,440,2720.2070640377
General-0-20200620-21:14:22-20653,0,exercise_7.Users[329].pppg$o[0].channel,throughput:stats,36078,,1326.8615027321,115.7556787478,411.10018680365,2785.9996215679
General-0-20200620-21:14:22-20653,0,exercise_7.Users[330].pppg$o[0].channel,throughput:stats,32703,,1215.2571272861,111.63905719231,440,2424.9056570999
General-0-20200620-21:14:22-20653,0,exercise_7.Users[331].pppg$o[0].channel,throughput:stats,27285,,1056.5772620992,120.1702012951,440,2501.2073371563
General-0-20200620-21:14:22-20653,0,exercise_7.Users[332].pppg$o[0].channel,throughput:stats,29973,,1140.548462653,136.83362232608,440,2523.4452043931
General-0-20200620-21:14:22-20653,0,exercise_7.Users[333].pppg$o[0].channel,throughput:stats,29647,,1230.2516519488,262.51331704827,440,2715.5959073472
General-0-20200620-21:14:22-20653,0,exercise_7.Users[334].pppg$o[0].channel,throughput:stats,28031,,1081.774711975,133.74983622839,315.26575405569,2451.3344682731
General-0-20200620-21:14:22-20653,0,exercise_7.Users[335].pppg$o[0].channel,throughput:stats,33131,,1368.6567468144,146.49775297926,133.24382750686,2422.5911833994
General-0-20200620-21:14:22-20653,0,exercise_7.Users[336].pppg$o[0].channel,throughput:stats,30964,,1162.1294387661,104.69766101665,301.34729311054,2554.6770144438
General-0-20200620-21:14:22-20653,0,exercise_7.Users[337].pppg$o[0].channel,throughput:stats,31036,,1245.0879195782,91.520394322338,108.08432941387,2421.6666305267
General-0-20200620-21:14:22-20653,0,exercise_7.Users[338].pppg$o[0].channel,throughput:stats,32136,,1204.8795982681,69.011143437027,233.69239159631,2421.2046186733
General-0-20200620-21:14:22-20653,0,exercise_7.Users[339].pppg$o[0].channel,throughput:stats,32126,,1346.7418414411,252.61737532041,440,2714.1972975626
General-0-20200620-21:14:22-20653,0,exercise_7.Users[340].pppg$o[0].channel,throughput:stats,33809,,1254.4305686117,95.797007750667,440,2420.2811236276
General-0-20200620-21:14:22-20653,0,exercise_7.Users[341].pppg$o[0].channel,throughput:stats,33603,,1383.801387326,181.22321743427,440,2601.8338898922
General-0-20200620-21:14:22-20653,0,exercise_7.Users[342].pppg$o[0].channel,throughput:stats,33749,,1376.9357261595,193.42711771192,440,2552.2462635984
General-0-20200620-21:14:22-20653,0,exercise_7.Users[343].pppg$o[0].channel,throughput:stats,30583,,1161.1416753037,97.418607319633,440,2418.8972012008
General-0-20200620-21:14:22-20653,0,exercise_7.Users[344].pppg$o[0].channel,throughput:stats,29843,,1228.6250845621,121.88749960445,440,2815.648945434
General-0-20200620-21:14:22-20653,0,exercise_7.Users[345].pppg$o[0].channel,throughput:stats,32563,,1319.2676938855,137.79228750453,440,2417.9754651702
General-0-20200620-21:14:22-20653,0,exercise_7.Users[346].pppg$o[0].channel,throughput:stats,32371,,1243.4972740179,267.17397721983,440,2536.9573724636
General-0-20200620-21:14:22-20653,0,exercise_7.Users[347].pppg$o[0].channel,throughput:stats,30558,,1145.781216812,155.55314544491,440,2568.4380986399
General-0-20200620-21:14:22-20653,0,exercise_7.Users[348].pppg$o[0].channel,throughput:stats,32183,,1288.5466089066,95.128517258252,440,2416.5941774968
General-0-20200620-21:14:22-20653,0,exercise_7.Users[349].pppg$o[0].channel,throughput:stats,28574,,1146.1249899468,87.3435473143,100.6121176434,2416.134098904
General-0-20200620-21:14:22-20653,0,exercise_7.Users[350].pppg$o[0].channel,throughput:stats,31982,,1222.929931879,142.92977812561,440,2814.9797969419
General-0-20200620-21:14:22-20653,0,exercise_7.Users[351].pppg$o[0].channel,throughput:stats,28125,,1081.9185888105,159.13736571975,440,2816.4090004397
General-0-20200620-21:14:22-20653,0,exercise_7.Users[352].pppg$o[0].channel,throughput:stats,33129,,1273.6863515369,132.16484028006,440,2797.9896735375
General-0-20200620-21:14:22-20653,0,exercise_7.Users[353].pppg$o[0].channel,throughput:stats,33124,,1248.7701874237,133.05557346071,440,2802.5424564987
General-0-20200620-21:14:22-20653,0,exercise_7.Users[354].pppg$o[0].channel,throughput:stats,31215,,1167.1407160149,72.327609959746,413.02163774646,2608.3972013494
General-0-20200620-21:14:22-20653,0,exercise_7.Users[355].pppg$o[0].channel,throughput:stats,30860,,1319.8683358915,119.66166673168,440,2424.8129932458
General-0-20200620-21:14:22-20653,0,exercise_7.Users[356].pppg$o[0].channel,throughput:stats,32887,,1291.2420409087,111.94327198717,440,2481.1239058662
General-0-20200620-21:14:22-20653,0,exercise_7.Users[357].pppg$o[0].channel,throughput:stats,36902,,1464.4963711607,77.683988514231,440,2423.8867440655
General-0-20200620-21:14:22-20653,0,exercise_7.Users[358].pppg$o[0].channel,throughput:stats,28986,,1073.2973386866,161.14163736406,440,2690.2867923252
General-0-20200620-21:14:22-20653,0,exercise_7.Users[359].pppg$o[0].channel,throughput:stats,33120,,1255.002401751,109.50654215703,440,2788.4934728311
General-0-20200620-21:14:22-20653,0,exercise_7.Users[360].pppg$o[0].channel,throughput:stats,34531,,1395.1178947055,234.90755630998,440,2725.4204787964
General-0-20200620-21:14:22-20653,0,exercise_7.Users[361].pppg$o[0].channel,throughput:stats,28138,,1098.3193137493,105.44808694781,410.61433687123,2426.0123301194
General-0-20200620-21:14:22-20653,0,exercise_7.Users[362].pppg$o[0].channel,throughput:stats,31784,,1304.1978287451,90.460280523489,386.77340746203,2421.5742140509
General-0-20200620-21:14:22-20653,0,exercise_7.Users[363].pppg$o[0].channel,throughput:stats,33010,,1183.6762396882,92.408466365779,440,2421.1122374563
General-0-20200620-21:14:22-20653,0,exercise_7.Users[364].pppg$o[0].channel,throughput:stats,32464,,1214.6765415453,101.5774116225,440,2420.6504370956
General-0-20200620-21:14:22-20653,0,exercise_7.Users[365].pppg$o[0].channel,throughput:stats,33505,,1277.6998923393,84.171983402281,186.54502604567,2420.1888128679
General-0-20200620-21:14:22-20653,0,exercise_7.Users[366].pppg$o[0].channel,throughput:stats,36091,,1434.0420866542,69.564461362673,440,2419.7273646725
General-0-20200620-21:14:22-20653,0,exercise_7.Users[367].pppg$o[0].channel,throughput:stats,32987,,1293.8189914296,213.37526140473,440,2854.8375073915
General-0-20200620-21:14:22-20653,0,exercise_7.Users[368].pppg$o[0].channel,throughput:stats,30683,,1219.8132207054,131.25779446495,440,2778.0554014052
General-0-20200620-21:14:22-20653,0,exercise_7.Users[369].pppg$o[0].channel,throughput:stats,32323,,1244.5441293694,85.051388040219,440,2418.3440752736
General-0-20200620-21:14:22-20653,0,exercise_7.Users[370].pppg$o[0].channel,throughput:stats,33536,,1350.1521421828,138.59074761299,440,2417.8833302013
General-0-20200620-21:14:22-20653,0,exercise_7.Users[371].pppg$o[0].channel,throughput:stats,33386,,1251.4495621724,72.74287484892,440,2417.4227606587
General-0-20200620-21:14:22-20653,0,exercise_7.Users[372].pppg$o[0].channel,throughput:stats,33346,,1381.6641092314,293.00391430298,440,2595.0065695716
General-0-20200620-21:14:22-20653,0,exercise_7.Users[373].pppg$o[0].channel,throughput:stats,33955,,1221.2448526251,86.990465700916,440,2416.5021477615
General-0-20200620-21:14:22-20653,0,exercise_7.Users[374].pppg$o[0].channel,throughput:stats,32190,,1391.6874701648,165.17982172631,440,2416.0421042065
General-0-20200620-21:14:22-20653,0,exercise_7.Users[375].pppg$o[0].channel,throughput:stats,32428,,1198.8144327564,182.62925993103,440,2855.5191565734
General-0-20200620-21:14:22-20653,0,exercise_7.Users[376].pppg$o[0].channel,throughput:stats,30681,,1122.5290200576,124.41324343928,181.34658187874,2621.0999363974
General-0-20200620-21:14:22-20653,0,exercise_7.Users[377].pppg$o[0].channel,throughput:stats,34551,,1312.9917489434,168.35409503382,440,2819.7386941732
General-0-20200620-21:14:22-20653,0,exercise_7.Users[378].pppg$o[0].channel,throughput:stats,29784,,1223.1371779769,163.96380189213,440,2826.6164186404
General-0-20200620-21:14:22-20653,0,exercise_7.Users[379].pppg$o[0].channel,throughput:stats,31677,,1259.1646819341,276.54350302791,440,2911.3656935572
General-0-20200620-21:14:22-20653,0,exercise_7.Users[380].pppg$o[0].channel,throughput:stats,30209,,1220.694226533,152.397018111,440,2680.8033721945
General-0-20200620-21:14:22-20653,0,exercise_7.Users[381].pppg$o[0].channel,throughput:stats,30561,,1266.0418851223,245.51463316917,440,2778.3250078779
General-0-20200620-21:14:22-20653,0,exercise_7.Users[382].pppg$o[0].channel,throughput:stats,30801,,1250.3553031437,241.53215835462,440,2738.8683743691
General-0-20200620-21:14:22-20653,0,exercise_7.Users[383].pppg$o[0].channel,throughput:stats,31161,,1172.1703097516,93.071718507445,440,2533.7952724399
General-0-20200620-21:14:22-20653,0,exercise_7.Users[384].pppg$o[0].channel,throughput:stats,34111,,1416.5752059258,176.23704284899,440,2849.1076213244
General-0-20200620-21:14:22-20653,0,exercise_7.Users[385].pppg$o[0].channel,throughput:stats,30428,,1358.3559150398,350.87194234579,440,2590.7518709252
General-0-20200620-21:14:22-20653,0,exercise_7.Users[386].pppg$o[0].channel,throughput:stats,31506,,1128.8963565437,146.36664695004,429.78432095646,2422.4062163525
General-0-20200620-21:14:22-20653,0,exercise_7.Users[387].pppg$o[0].channel,throughput:stats,30751,,1158.5418431746,84.796308043215,289.8982946461,2421.9439222827
General-0-20200620-21:14:22-20653,0,exercise_7.Users[388].pppg$o[0].channel,throughput:stats,29626,,1185.6222770656,187.96882826485,440,2670.4186137795
General-0-20200620-21:14:22-20653,0,exercise_7.Users[389].pppg$o[0].channel,throughput:stats,29395,,1179.6721193815,141.25525637134,440,2499.9149605944
General-0-20200620-21:14:22-20653,0,exercise_7.Users[390].pppg$o[0].channel,throughput:stats,28053,,976.52506549613,121.74965565118,223.03148246002,2420.5580981626
General-0-20200620-21:14:22-20653,0,exercise_7.Users[391].pppg$o[0].channel,throughput:stats,32642,,1248.594237883,205.12672218967,440,2758.4573139842
General-0-20200620-21:14:22-20653,0,exercise_7.Users[392].pppg$o[0].channel,throughput:stats,32959,,1311.8769017901,89.758255643444,144.45250721532,2419.6350961484
General-0-20200620-21:14:22-20653,0,exercise_7.Users[393].pppg$o[0].channel,throughput:stats,33088,,1199.8273658797,151.95582082778,440,2419.1738590589
General-0-20200620-21:14:22-20653,0,exercise_7.Users[394].pppg$o[0].channel,throughput:stats,29055,,1157.5366499951,74.656324773689,440,2418.7127977802
General-0-20200620-21:14:22-20653,0,exercise_7.Users[395].pppg$o[0].channel,throughput:stats,32377,,1371.1805982879,204.4240218735,440,2418.2519122119
General-0-20200620-21:14:22-20653,0,exercise_7.Users[396].pppg$o[0].channel,throughput:stats,27979,,1097.0947314503,165.62253038078,440,2417.7912022536
General-0-20200620-21:14:22-20653,0,exercise_7.Users[397].pppg$o[0].channel,throughput:stats,33271,,1404.1492145287,112.38262731018,440,2417.3306678049
General-0-20200620-21:14:22-20653,0,exercise_7.Users[398].pppg$o[0].channel,throughput:stats,29956,,1143.9395344398,101.5681408803,405.85501292052,2416.8703087656
General-0-20200620-21:14:22-20653,0,exercise_7.Users[399].pppg$o[0].channel,throughput:stats,29514,,1137.3882741055,115.37389340464,440,2759.304416329
General-0-20200620-21:14:22-20653,0,exercise_7.Users[400].pppg$o[0].channel,throughput:stats,30156,,1090.6768636273,169.58155606158,255.95104162262,2796.8166407791
General-0-20200620-21:14:22-20653,0,exercise_7.Users[401].pppg$o[0].channel,throughput:stats,31871,,1190.6356221324,152.4885441141,440,2773.6200154298
General-0-20200620-21:14:22-20653,0,exercise_7.Users[402].pppg$o[0].channel,throughput:stats,30633,,1253.7390455783,147.9827568501,440,2800.6068381284
General-0-20200620-21:14:22-20653,0,exercise_7.Users[403].pppg$o[0].channel,throughput:stats,30495,,1292.4960372751,193.5564126556,440,2847.2164278863
General-0-20200620-21:14:22-20653,0,exercise_7.Users[404].pppg$o[0].channel,throughput:stats,30746,,1331.9809954404,173.60086637179,440,2733.8353067825
General-0-20200620-21:14:22-20653,0,exercise_7.Users[405].pppg$o[0].channel,throughput:stats,30020,,1122.523234482,126.12154951638,180.62627896697,2425.0910060566
General-0-20200620-21:14:22-20653,0,exercise_7.Users[406].pppg$o[0].channel,throughput:stats,31176,,1134.7308817946,97.68177940585,271.77443287685,2424.6276867819
General-0-20200620-21:14:22-20653,0,exercise_7.Users[407].pppg$o[0].channel,throughput:stats,30538,,1118.8198479316,254.10743090357,440,2859.9406544305
General-0-20200620-21:14:22-20653,0,exercise_7.Users[408].pppg$o[0].channel,throughput:stats,30778,,1215.7317527667,100.97997015901,440,2423.7015791388
General-0-20200620-21:14:22-20653,0,exercise_7.Users[409].pppg$o[0].channel,throughput:stats,33319,,1244.3496580598,95.076108884394,208.57308537149,2423.2387905678
General-0-20200620-21:14:22-20653,0,exercise_7.Users[410].pppg$o[0].channel,throughput:stats,34571,,1245.6361445315,122.62685861,440,2422.7761786954
General-0-20200620-21:14:22-20653,0,exercise_7.Users[411].pppg$o[0].channel,throughput:stats,32117,,1181.2168081847,77.26763281862,211.56160508795,2422.3137434204
General-0-20200620-21:14:22-20653,0,exercise_7.Users[412].pppg$o[0].channel,throughput:stats,32248,,1258.7995360668,85.858060275497,377.34887466169,2421.8514846418
General-0-20200620-21:14:22-20653,0,exercise_7.Users[413].pppg$o[0].channel,throughput:stats,32156,,1269.4650662807,78.042399982841,440,2421.3894022585
General-0-20200620-21:14:22-20653,0,exercise_7.Users[414].pppg$o[0].channel,throughput:stats,34360,,1389.7311975904,145.53479855347,206.71186052092,2420.9274961696
General-0-20200620-21:14:22-20653,0,exercise_7.Users[415].pppg$o[0].channel,throughput:stats,33812,,1353.4910974204,167.47393364378,440,2700.1502623721
General-0-20200620-21:14:22-20653,0,exercise_7.Users[416].pppg$o[0].channel,throughput:stats,33510,,1297.3085534757,109.12719738307,195.72721269923,2420.0042124715
General-0-20200620-21:14:22-20653,0,exercise_7.Users[417].pppg$o[0].channel,throughput:stats,32813,,1266.0570588581,158.34427609912,440,2435.4466384301
General-0-20200620-21:14:22-20653,0,exercise_7.Users[418].pppg$o[0].channel,throughput:stats,32203,,1311.3404343383,81.395454767143,440,2419.0816327415
General-0-20200620-21:14:22-20653,0,exercise_7.Users[419].pppg$o[0].channel,throughput:stats,38564,,1430.7265298116,79.779166975386,440,2418.6206066129
General-0-20200620-21:14:22-20653,0,exercise_7.Users[420].pppg$o[0].channel,throughput:stats,35642,,1401.8564633275,138.15174843308,440,2720.6246188146
General-0-20200620-21:14:22-20653,0,exercise_7.Users[421].pppg$o[0].channel,throughput:stats,32733,,1262.2239009147,135.71678130706,440,2598.0983614773
General-0-20200620-21:14:22-20653,0,exercise_7.Users[422].pppg$o[0].channel,throughput:stats,32441,,1408.6027487185,240.72124425683,440,2679.6726087041
General-0-20200620-21:14:22-20653,0,exercise_7.Users[423].pppg$o[0].channel,throughput:stats,29351,,1228.2775556557,140.56971252468,440,2416.778257998
General-0-20200620-21:14:22-20653,0,exercise_7.Users[424].pppg$o[0].channel,throughput:stats,29840,,1178.1615283557,165.67484752708,440,2416.3181093176
General-0-20200620-21:14:22-20653,0,exercise_7.Users[425].pppg$o[0].channel,throughput:stats,30668,,1186.7900757284,136.1113628818,440,2747.5475378305
General-0-20200620-21:14:22-20653,0,exercise_7.Users[426].pppg$o[0].channel,throughput:stats,34019,,1265.8214853685,201.18115158489,440,2843.9645419819
General-0-20200620-21:14:22-20653,0,exercise_7.Users[427].pppg$o[0].channel,throughput:stats,32714,,1203.181896594,199.52771777795,440,2825.151811846
General-0-20200620-21:14:22-20653,0,exercise_7.Users[428].pppg$o[0].channel,throughput:stats,31504,,1253.7394434936,205.63262658029,440,2821.361974085
General-0-20200620-21:14:22-20653,0,exercise_7.Users[429].pppg$o[0].channel,throughput:stats,30260,,1074.1962980381,137.49593840797,440,2798.6754266094
General-0-20200620-21:14:22-20653,0,exercise_7.Users[430].pppg$o[0].channel,throughput:stats,30912,,1236.0991940051,161.47909030786,170.05255096716,2619.7519599219
General-0-20200620-21:14:22-20653,0,exercise_7.Users[431].pppg$o[0].channel,throughput:stats,32647,,1271.3068228827,139.73366925468,440,2695.8188912821
General-0-20200620-21:14:22-20653,0,exercise_7.Users[432].pppg$o[0].channel,throughput:stats,32880,,1302.0038988981,113.82016010958,267.31046725063,2424.0719372867
General-0-20200620-21:14:22-20653,0,exercise_7.Users[433].pppg$o[0].channel,throughput:stats,30232,,1319.387658437,202.44435951539,440,2715.5677419124
General-0-20200620-21:14:22-20653,0,exercise_7.Users[434].pppg$o[0].channel,throughput:stats,32843,,1410.0002422433,145.68151003489,440,2588.4455668808
General-0-20200620-21:14:22-20653,0,exercise_7.Users[435].pppg$o[0].channel,throughput:stats,29524,,1203.0288328711,219.04407003563,440,2706.5468738432
General-0-20200620-21:14:22-20653,0,exercise_7.Users[436].pppg$o[0].channel,throughput:stats,32831,,1236.2160966278,139.2789010755,440,2664.3304121998
General-0-20200620-21:14:22-20653,0,exercise_7.Users[437].pppg$o[0].channel,throughput:stats,30042,,1092.8808853573,118.68542420667,429.61549818564,2421.7590540567
General-0-20200620-21:14:22-20653,0,exercise_7.Users[438].pppg$o[0].channel,throughput:stats,30177,,1333.8930337446,161.90910611023,440,2421.2970069404
General-0-20200620-21:14:22-20653,0,exercise_7.Users[439].pppg$o[0].channel,throughput:stats,32493,,1265.2744911598,175.41413958694,363.32033561012,2420.8351360983
General-0-20200620-21:14:22-20653,0,exercise_7.Users[440].pppg$o[0].channel,throughput:stats,33609,,1370.3611702568,241.92936444883,440,2651.97886156
General-0-20200620-21:14:22-20653,0,exercise_7.Users[441].pppg$o[0].channel,throughput:stats,31998,,1298.7227635387,167.70245754181,440,2419.9119228332
General-0-20200620-21:14:22-20653,0,exercise_7.Users[442].pppg$o[0].channel,throughput:stats,33341,,1291.1780980479,113.27382511285,440,2419.4505802089
General-0-20200620-21:14:22-20653,0,exercise_7.Users[443].pppg$o[0].channel,throughput:stats,31670,,1331.3555995495,139.79376545559,440,2521.8761700267
General-0-20200620-21:14:22-20653,0,exercise_7.Users[444].pppg$o[0].channel,throughput:stats,32301,,1284.1426401573,108.83896746125,440,2418.5284224733
General-0-20200620-21:14:22-20653,0,exercise_7.Users[445].pppg$o[0].channel,throughput:stats,33612,,1206.7405938774,125.47979305863,397.38433784743,2418.067607161
General-0-20200620-21:14:22-20653,0,exercise_7.Users[446].pppg$o[0].channel,throughput:stats,35355,,1477.404925319,102.7040118526,440,2417.6069674186
General-0-20200620-21:14:22-20653,0,exercise_7.Users[447].pppg$o[0].channel,throughput:stats,31548,,1106.9447390417,127.45290314817,275.12743655672,2417.1465031457
General-0-20200620-21:14:22-20653,0,exercise_7.Users[448].pppg$o[0].channel,throughput:stats,31289,,1229.6088855659,95.50484046235,440,2416.686214242
General-0-20200620-21:14:22-20653,0,exercise_7.Users[449].pppg$o[0].channel,throughput:stats,32546,,1228.0646338222,111.1569967459,440,2416.2261006074
General-0-20200620-21:14:22-20653,0,exercise_7.Users[450].pppg$o[0].channel,throughput:stats,27661,,1057.9292860234,106.3750302293,440,2789.6120015012
General-0-20200620-21:14:22-20653,0,exercise_7.Users[451].pppg$o[0].channel,throughput:stats,32315,,1354.4515854115,151.32761779142,440,2797.9426666079
General-0-20200620-21:14:22-20653,0,exercise_7.Users[452].pppg$o[0].channel,throughput:stats,32539,,1286.4581676782,111.25580050864,440,2503.0554206044
General-0-20200620-21:14:22-20653,0,exercise_7.Users[453].pppg$o[0].channel,throughput:stats,34702,,1478.6561363614,179.21644637649,440,2778.3026009242
General-0-20200620-21:14:22-20653,0,exercise_7.Users[454].pppg$o[0].channel,throughput:stats,30522,,1108.7050858624,122.56715396868,440,2755.7214283735
General-0-20200620-21:14:22-20653,0,exercise_7.Users[455].pppg$o[0].channel,throughput:stats,32143,,1242.1465328309,114.90098155726,440,2456.1529125802
General-0-20200620-21:14:22-20653,0,exercise_7.Users[456].pppg$o[0].channel,throughput:stats,33488,,1310.1242309185,114.35282449664,440,2511.4801469455
General-0-20200620-21:14:22-20653,0,exercise_7.Users[457].pppg$o[0].channel,throughput:stats,30688,,1130.9990753632,108.79650897976,440,2493.0494676842
General-0-20200620-21:14:22-20653,0,exercise_7.Users[458].pppg$o[0].channel,throughput:stats,30283,,1227.9797243689,187.76059409168,440,2751.7989867256
General-0-20200620-21:14:22-20653,0,exercise_7.Users[459].pppg$o[0].channel,throughput:stats,30889,,1229.2865898224,123.67093825432,440,2480.4863689112
General-0-20200620-21:14:22-20653,0,exercise_7.Users[460].pppg$o[0].channel,throughput:stats,33923,,1290.953002378,92.060798458075,440,2504.2368121012
General-0-20200620-21:14:22-20653,0,exercise_7.Users[461].pppg$o[0].channel,throughput:stats,31990,,1270.5426992349,177.72337286892,440,2625.2231958633
General-0-20200620-21:14:22-20653,0,exercise_7.Users[462].pppg$o[0].channel,throughput:stats,30121,,1225.9661276846,96.450807145183,407.74404519379,2421.6666305267
General-0-20200620-21:14:22-20653,0,exercise_7.Users[463].pppg$o[0].channel,throughput:stats,31592,,1188.7028180398,77.641717602683,431.98616553662,2421.2046186733
General-0-20200620-21:14:22-20653,0,exercise_7.Users[464].pppg$o[0].channel,throughput:stats,29438,,1175.2509595906,194.40249737844,440,2739.8140661166
General-0-20200620-21:14:22-20653,0,exercise_7.Users[465].pppg$o[0].channel,throughput:stats,33838,,1373.44174773,109.22839836935,440,2420.2811236276
General-0-20200620-21:14:22-20653,0,exercise_7.Users[466].pppg$o[0].channel,throughput:stats,30559,,1152.1714331785,134.7943637386,440,2420.0939487072
General-0-20200620-21:14:22-20653,0,exercise_7.Users[467].pppg$o[0].channel,throughput:stats,31922,,1175.9741940202,161.89640013245,238.5885582153,2419.3583327918
General-0-20200620-21:14:22-20653,0,exercise_7.Users[468].pppg$o[0].channel,throughput:stats,28941,,1259.9055437194,100.01629563306,440,2418.8972012008
General-0-20200620-21:14:22-20653,0,exercise_7.Users[469].pppg$o[0].channel,throughput:stats,32040,,1356.2828129943,235.35458987106,440,2857.0886980949
General-0-20200620-21:14:22-20653,0,exercise_7.Users[470].pppg$o[0].channel,throughput:stats,29143,,1149.2441859459,120.12128294579,302.55513542074,2417.9754651702
General-0-20200620-21:14:22-20653,0,exercise_7.Users[471].pppg$o[0].channel,throughput:stats,31863,,1231.582653187,83.16890494777,440,2417.5148605297
General-0-20200620-21:14:22-20653,0,exercise_7.Users[472].pppg$o[0].channel,throughput:stats,30392,,1105.7871019949,178.13573731518,440,2542.6484012751
General-0-20200620-21:14:22-20653,0,exercise_7.Users[473].pppg$o[0].channel,throughput:stats,30375,,1229.3221919399,130.09635463944,310.11205403933,2416.5941774968
General-0-20200620-21:14:22-20653,0,exercise_7.Users[474].pppg$o[0].channel,throughput:stats,34095,,1331.0059812268,164.82413724764,62.249645496302,2416.134098904
General-0-20200620-21:14:22-20653,0,exercise_7.Users[475].pppg$o[0].channel,throughput:stats,30111,,1174.8346869991,122.50253168334,440,2814.9797969419
General-0-20200620-21:14:22-20653,0,exercise_7.Users[476].pppg$o[0].channel,throughput:stats,30665,,1253.5332888976,248.0896210851,440,2622.7003092139
General-0-20200620-21:14:22-20653,0,exercise_7.Users[477].pppg$o[0].channel,throughput:stats,32907,,1348.370771483,112.31130919511,345.84930027397,2714.2541007068
General-0-20200620-21:14:22-20653,0,exercise_7.Users[478].pppg$o[0].channel,throughput:stats,33215,,1299.9438413185,112.92706649818,440,2768.8217489869
General-0-20200620-21:14:22-20653,0,exercise_7.Users[479].pppg$o[0].channel,throughput:stats,33677,,1284.0864839884,203.75032941567,440,2836.9448675815
General-0-20200620-21:14:22-20653,0,exercise_7.Users[480].pppg$o[0].channel,throughput:stats,32596,,1447.3054195396,167.96320338746,440,2626.3490862138
General-0-20200620-21:14:22-20653,0,exercise_7.Users[481].pppg$o[0].channel,throughput:stats,29930,,1250.1967143537,155.00990774728,440,2728.1812851695
General-0-20200620-21:14:22-20653,0,exercise_7.Users[482].pppg$o[0].channel,throughput:stats,32217,,1186.812975526,65.313330203069,275.66804408188,2423.8867440655
General-0-20200620-21:14:22-20653,0,exercise_7.Users[483].pppg$o[0].channel,throughput:stats,30740,,1263.8903238488,191.63529924273,440,2777.4307906806
General-0-20200620-21:14:22-20653,0,exercise_7.Users[484].pppg$o[0].channel,throughput:stats,33299,,1341.8519611523,192.77602971931,440,2831.7934919497
General-0-20200620-21:14:22-20653,0,exercise_7.Users[485].pppg$o[0].channel,throughput:stats,32024,,1116.6971365589,123.31737703805,112.56785505886,2460.9233144717
General-0-20200620-21:14:22-20653,0,exercise_7.Users[486].pppg$o[0].channel,throughput:stats,33977,,1408.5190329267,256.66615858746,440,2815.8892099142
General-0-20200620-21:14:22-20653,0,exercise_7.Users[487].pppg$o[0].channel,throughput:stats,31339,,1353.1823387254,129.35602477334,440,2421.5742140509
General-0-20200620-21:14:22-20653,0,exercise_7.Users[488].pppg$o[0].channel,throughput:stats,31491,,1275.7042304972,188.55456484978,440,2448.7731471427
General-0-20200620-21:14:22-20653,0,exercise_7.Users[489].pppg$o[0].channel,throughput:stats,29311,,1133.1667511294,110.07296979149,440,2420.6504370956
General-0-20200620-21:14:22-20653,0,exercise_7.Users[490].pppg$o[0].channel,throughput:stats,34401,,1349.867986313,110.49780503737,440,2420.1888128679
General-0-20200620-21:14:22-20653,0,exercise_7.Users[491].pppg$o[0].channel,throughput:stats,27994,,1102.7780746466,101.45321747284,440,2419.7273646725
General-0-20200620-21:14:22-20653,0,exercise_7.Users[492].pppg$o[0].channel,throughput:stats,31480,,1209.6054150853,119.77679037136,440,2662.1221430629
General-0-20200620-21:14:22-20653,0,exercise_7.Users[493].pppg$o[0].channel,throughput:stats,35868,,1386.9431501296,143.52062155773,440,2802.3596255024
General-0-20200620-21:14:22-20653,0,exercise_7.Users[494].pppg$o[0].channel,throughput:stats,31606,,1177.5227226428,78.199062491542,440,2418.3440752736
General-0-20200620-21:14:22-20653,0,exercise_7.Users[495].pppg$o[0].channel,throughput:stats,33809,,1246.3555819396,132.06170666403,94.405962268836,2417.8833302013
General-0-20200620-21:14:22-20653,0,exercise_7.Users[496].pppg$o[0].channel,throughput:stats,34137,,1312.6002820393,87.364409562471,440,2417.4227606587
General-0-20200620-21:14:22-20653,0,exercise_7.Users[497].pppg$o[0].channel,throughput:stats,35176,,1377.1729723215,198.71859676398,440,2599.8849465106
General-0-20200620-21:14:22-20653,0,exercise_7.Users[498].pppg$o[0].channel,throughput:stats,33489,,1282.5050773063,128.08804521621,440,2526.62436476
General-0-20200620-21:14:22-20653,0,exercise_7.Users[499].pppg$o[0].channel,throughput:stats,29009,,1057.3146163448,182.30312338383,440,2703.606600409
General-0-20200620-21:14:22-20653,0,exercise_7.Users[500].pppg$o[0].channel,throughput:stats,29048,,1107.3187923101,121.25190369385,440,2807.5933694069
General-0-20200620-21:14:22-20653,0,exercise_7.Users[501].pppg$o[0].channel,throughput:stats,33846,,1293.2099529903,108.86814508808,393.35137308641,2770.0722068278
General-0-20200620-21:14:22-20653,0,exercise_7.Users[502].pppg$o[0].channel,throughput:stats,32424,,1289.1939513703,248.91062525485,440,2851.6025453339
General-0-20200620-21:14:22-20653,0,exercise_7.Users[503].pppg$o[0].channel,throughput:stats,30403,,1267.1232728781,120.50981471253,440,2803.1806014963
General-0-20200620-21:14:22-20653,0,exercise_7.Users[504].pppg$o[0].channel,throughput:stats,34356,,1631.9085477012,420.30231241779,440,2870.9677970736
General-0-20200620-21:14:22-20653,0,exercise_7.Users[505].pppg$o[0].channel,throughput:stats,34521,,1437.5974406511,218.89228493773,440,2864.2418764584
General-0-20200620-21:14:22-20653,0,exercise_7.Users[506].pppg$o[0].channel,throughput:stats,33776,,1302.1754247746,141.14141116624,380.8147622088,2424.7203364734
General-0-20200620-21:14:22-20653,0,exercise_7.Users[507].pppg$o[0].channel,throughput:stats,32424,,1163.8057359165,169.47012313992,152.52979827724,2424.2571588088
General-0-20200620-21:14:22-20653,0,exercise_7.Users[508].pppg$o[0].channel,throughput:stats,32856,,1284.8489115841,106.93449729403,440,2559.3699497937
General-0-20200620-21:14:22-20653,0,exercise_7.Users[509].pppg$o[0].channel,throughput:stats,29985,,1208.941308605,106.81732568939,440,2423.3313341428
General-0-20200620-21:14:22-20653,0,exercise_7.Users[510].pppg$o[0].channel,throughput:stats,33024,,1259.1364945008,87.90240530284,440,2422.8686869388
General-0-20200620-21:14:22-20653,0,exercise_7.Users[511].pppg$o[0].channel,throughput:stats,28511,,1024.5609459225,117.048753191,436.11029674276,2422.4062163525
General-0-20200620-21:14:22-20653,0,exercise_7.Users[512].pppg$o[0].channel,throughput:stats,33402,,1318.7553699426,83.64076268706,440,2421.9439222827
General-0-20200620-21:14:22-20653,0,exercise_7.Users[513].pppg$o[0].channel,throughput:stats,32532,,1229.3172966291,106.68925857664,159.31662614891,2421.4818046284
General-0-20200620-21:14:22-20653,0,exercise_7.Users[514].pppg$o[0].channel,throughput:stats,30534,,1124.1311095175,158.23716226452,440,2463.6814373709
General-0-20200620-21:14:22-20653,0,exercise_7.Users[515].pppg$o[0].channel,throughput:stats,30726,,1189.5459868592,90.36216912927,440,2420.5580981626
General-0-20200620-21:14:22-20653,0,exercise_7.Users[516].pppg$o[0].channel,throughput:stats,31120,,1152.9708901684,95.066359409159,440,2420.0965091495
General-0-20200620-21:14:22-20653,0,exercise_7.Users[517].pppg$o[0].channel,throughput:stats,31590,,1185.7538930281,107.55637361735,440,2738.7394759032
General-0-20200620-21:14:22-20653,0,exercise_7.Users[518].pppg$o[0].channel,throughput:stats,31985,,1337.9206947085,162.57425855925,392.75657966119,2419.1738590589
General-0-20200620-21:14:22-20653,0,exercise_7.Users[519].pppg$o[0].channel,throughput:stats,32675,,1222.0822576009,121.46352316495,440,2418.7127977802
General-0-20200620-21:14:22-20653,0,exercise_7.Users[520].pppg$o[0].channel,throughput:stats,31656,,1245.0928265479,157.16282830479,440,2634.8087661532
General-0-20200620-21:14:22-20653,0,exercise_7.Users[521].pppg$o[0].channel,throughput:stats,32862,,1360.3220619684,171.88096423834,440,2417.7912022536
General-0-20200620-21:14:22-20653,0,exercise_7.Users[522].pppg$o[0].channel,throughput:stats,26627,,1055.2431589623,115.79740013473,440,2417.3306678049
General-0-20200620-21:14:22-20653,0,exercise_7.Users[523].pppg$o[0].channel,throughput:stats,32998,,1190.0552097534,83.784129732976,440,2416.8703087656
General-0-20200620-21:14:22-20653,0,exercise_7.Users[524].pppg$o[0].channel,throughput:stats,30068,,1278.8342818504,196.51299662352,440,2749.0366682147
General-0-20200620-21:14:22-20653,0,exercise_7.Users[525].pppg$o[0].channel,throughput:stats,32692,,1335.3881044031,119.9385536241,440,2826.086283012
General-0-20200620-21:14:22-20653,0,exercise_7.Users[526].pppg$o[0].channel,throughput:stats,34929,,1358.5594151125,139.61194304328,440,2839.029143872
General-0-20200620-21:14:22-20653,0,exercise_7.Users[527].pppg$o[0].channel,throughput:stats,32722,,1283.324996428,109.81294308426,440,2818.4161859589
General-0-20200620-21:14:22-20653,0,exercise_7.Users[528].pppg$o[0].channel,throughput:stats,31841,,1244.6383391602,142.8700575093,440,2795.3139326515
General-0-20200620-21:14:22-20653,0,exercise_7.Users[529].pppg$o[0].channel,throughput:stats,34475,,1268.6647581692,149.11448403621,440,2821.6979146703
General-0-20200620-21:14:22-20653,0,exercise_7.Users[530].pppg$o[0].channel,throughput:stats,33257,,1273.0791215862,95.612492624867,262.62207581533,2425.0910060566
General-0-20200620-21:14:22-20653,0,exercise_7.Users[531].pppg$o[0].channel,throughput:stats,33679,,1476.4411611988,139.00017161917,440,2601.6253139806
General-0-20200620-21:14:22-20653,0,exercise_7.Users[532].pppg$o[0].channel,throughput:stats,32938,,1273.3659965267,90.839357081814,380.95588999021,2663.6636187742
General-0-20200620-21:14:22-20653,0,exercise_7.Users[533].pppg$o[0].channel,throughput:stats,33115,,1359.0260960251,131.71223874007,440,2571.5423050853
General-0-20200620-21:14:22-20653,0,exercise_7.Users[534].pppg$o[0].channel,throughput:stats,34850,,1405.6266452142,119.20093365286,440,2514.2771192611
General-0-20200620-21:14:22-20653,0,exercise_7.Users[535].pppg$o[0].channel,throughput:stats,33468,,1438.1878823016,138.7334844737,440,2422.7761786954
General-0-20200620-21:14:22-20653,0,exercise_7.Users[536].pppg$o[0].channel,throughput:stats,33351,,1250.5726006187,81.432024678977,440,2422.3137434204
General-0-20200620-21:14:22-20653,0,exercise_7.Users[537].pppg$o[0].channel,throughput:stats,30658,,1207.9704665369,116.01684758214,440,2436.1510297559
General-0-20200620-21:14:22-20653,0,exercise_7.Users[538].pppg$o[0].channel,throughput:stats,33293,,1248.7408399539,120.61102286865,440,2421.3894022585
General-0-20200620-21:14:22-20653,0,exercise_7.Users[539].pppg$o[0].channel,throughput:stats,32955,,1269.5481139072,133.33300219757,440,2588.270615149
General-0-20200620-21:14:22-20653,0,exercise_7.Users[540].pppg$o[0].channel,throughput:stats,29078,,1158.1401651525,102.40556838848,300.37372472376,2661.2865496488
General-0-20200620-21:14:22-20653,0,exercise_7.Users[541].pppg$o[0].channel,throughput:stats,36769,,1600.568115172,248.87287767979,440,2646.2448403743
General-0-20200620-21:14:22-20653,0,exercise_7.Users[542].pppg$o[0].channel,throughput:stats,30896,,1158.0612925333,90.395875732042,440,2419.5428346608
General-0-20200620-21:14:22-20653,0,exercise_7.Users[543].pppg$o[0].channel,throughput:stats,31063,,1277.4137659497,149.55306982237,440,2425.8542435364
General-0-20200620-21:14:22-20653,0,exercise_7.Users[544].pppg$o[0].channel,throughput:stats,32832,,1337.6157919232,116.08333590609,440,2418.6206066129
General-0-20200620-21:14:22-20653,0,exercise_7.Users[545].pppg$o[0].channel,throughput:stats,30712,,1212.9250879058,133.15276536672,440,2418.1597561747
General-0-20200620-21:14:22-20653,0,exercise_7.Users[546].pppg$o[0].channel,throughput:stats,29927,,1237.2000213933,260.26756541214,440,2467.6836049895
General-0-20200620-21:14:22-20653,0,exercise_7.Users[547].pppg$o[0].channel,throughput:stats,27968,,1095.793319944,102.36493308134,440,2417.2385819675
General-0-20200620-21:14:22-20653,0,exercise_7.Users[548].pppg$o[0].channel,throughput:stats,29329,,1143.1350792826,135.80714207796,440,2639.5927210705
General-0-20200620-21:14:22-20653,0,exercise_7.Users[549].pppg$o[0].channel,throughput:stats,33568,,1328.6433474811,184.05178275436,440,2424.3402020115
General-0-20200620-21:14:22-20653,0,exercise_7.Users[550].pppg$o[0].channel,throughput:stats,32923,,1227.4023047492,226.0819740599,440,2850.3567102765
General-0-20200620-21:14:22-20653,0,exercise_7.Users[551].pppg$o[0].channel,throughput:stats,30343,,1279.8172564916,251.61495706959,440,2862.6185175002
General-0-20200620-21:14:22-20653,0,exercise_7.Users[552].pppg$o[0].channel,throughput:stats,30620,,1333.4861801822,187.74549676836,440,2823.3208198037
General-0-20200620-21:14:22-20653,0,exercise_7.Users[553].pppg$o[0].channel,throughput:stats,33821,,1323.7894467683,156.21472055984,440,2821.1158401264
General-0-20200620-21:14:22-20653,0,exercise_7.Users[554].pppg$o[0].channel,throughput:stats,29284,,1053.9065659806,100.85948717989,440,2721.8304221218
General-0-20200620-21:14:22-20653,0,exercise_7.Users[555].pppg$o[0].channel,throughput:stats,34747,,1402.3302755498,196.33897837337,440,2865.801869875
General-0-20200620-21:14:22-20653,0,exercise_7.Users[556].pppg$o[0].channel,throughput:stats,30756,,1261.377530879,95.772204286357,183.75392715451,2424.5350441705
General-0-20200620-21:14:22-20653,0,exercise_7.Users[557].pppg$o[0].channel,throughput:stats,27548,,1168.8664417917,97.434279436214,440,2424.0719372867
General-0-20200620-21:14:22-20653,0,exercise_7.Users[558].pppg$o[0].channel,throughput:stats,32139,,1275.8824490443,104.2147882935,440,2511.9461258286
General-0-20200620-21:14:22-20653,0,exercise_7.Users[559].pppg$o[0].channel,throughput:stats,31295,,1301.9440991359,204.85305577862,440,2525.841200462
General-0-20200620-21:14:22-20653,0,exercise_7.Users[560].pppg$o[0].channel,throughput:stats,33561,,1499.3871251919,166.11791913234,259.70110337718,2422.6836775158
General-0-20200620-21:14:22-20653,0,exercise_7.Users[561].pppg$o[0].channel,throughput:stats,31936,,1151.759973205,141.01363759269,440,2475.3541335236
General-0-20200620-21:14:22-20653,0,exercise_7.Users[562].pppg$o[0].channel,throughput:stats,29120,,1317.4855762069,201.53975648732,440,2421.7590540567
General-0-20200620-21:14:22-20653,0,exercise_7.Users[563].pppg$o[0].channel,throughput:stats,29020,,1212.7020716661,97.553746446008,440,2421.2970069404
General-0-20200620-21:14:22-20653,0,exercise_7.Users[564].pppg$o[0].channel,throughput:stats,32696,,1205.9327813608,89.131286401243,440,2421.7166190852
General-0-20200620-21:14:22-20653,0,exercise_7.Users[565].pppg$o[0].channel,throughput:stats,32498,,1224.246013307,62.932552918636,440,2420.3734414295
General-0-20200620-21:14:22-20653,0,exercise_7.Users[566].pppg$o[0].channel,throughput:stats,33345,,1337.7928229262,88.180283794512,440,2419.9119228332
General-0-20200620-21:14:22-20653,0,exercise_7.Users[567].pppg$o[0].channel,throughput:stats,34178,,1288.24806559,93.887304721491,407.59268299816,2419.4505802089
General-0-20200620-21:14:22-20653,0,exercise_7.Users[568].pppg$o[0].channel,throughput:stats,28649,,1185.9874087886,172.79808801034,440,2418.9894134557
General-0-20200620-21:14:22-20653,0,exercise_7.Users[569].pppg$o[0].channel,throughput:stats,32143,,1251.8556391639,90.901779229243,440,2418.5284224733
General-0-20200620-21:14:22-20653,0,exercise_7.Users[570].pppg$o[0].channel,throughput:stats,34345,,1266.4673073871,81.341066115374,362.92867964454,2418.067607161
General-0-20200620-21:14:22-20653,0,exercise_7.Users[571].pppg$o[0].channel,throughput:stats,35596,,1434.9354512722,113.3963478849,440,2540.3021558981
General-0-20200620-21:14:22-20653,0,exercise_7.Users[572].pppg$o[0].channel,throughput:stats,28994,,1195.9070900246,120.21173610059,363.64931684009,2540.1629851064
General-0-20200620-21:14:22-20653,0,exercise_7.Users[573].pppg$o[0].channel,throughput:stats,30884,,1124.2884439622,118.67162431494,440,2416.686214242
General-0-20200620-21:14:22-20653,0,exercise_7.Users[574].pppg$o[0].channel,throughput:stats,35059,,1350.6733578046,80.87718915455,176.66796391278,2416.2261006074
General-0-20200620-21:14:22-20653,0,exercise_7.Users[575].pppg$o[0].channel,throughput:stats,34035,,1315.7123106192,152.31872672399,440,2815.2856935705
General-0-20200620-21:14:22-20653,0,exercise_7.Users[576].pppg$o[0].channel,throughput:stats,29498,,1068.5842605325,136.61865184921,440,2807.4631505384
General-0-20200620-21:14:22-20653,0,exercise_7.Users[577].pppg$o[0].channel,throughput:stats,32454,,1274.5030734366,141.45305992239,357.80920998034,2760.4469502462
General-0-20200620-21:14:22-20653,0,exercise_7.Users[578].pppg$o[0].channel,throughput:stats,32211,,1272.7988387306,148.9322483013,440,2679.1212968692
General-0-20200620-21:14:22-20653,0,exercise_7.Users[579].pppg$o[0].channel,throughput:stats,34412,,1345.3156175171,124.03552794875,440,2803.0487948819
General-0-20200620-21:14:22-20653,0,exercise_7.Users[580].pppg$o[0].channel,throughput:stats,34702,,1415.065407059,213.11379775533,440,2777.3898521003
General-0-20200620-21:14:22-20653,0,exercise_7.Users[581].pppg$o[0].channel,throughput:stats,30718,,1201.8507684541,151.69131429827,440,2699.734489601
General-0-20200620-21:14:22-20653,0,exercise_7.Users[582].pppg$o[0].channel,throughput:stats,34800,,1222.5154547732,137.79861910878,238.86172071488,2423.9793371389
General-0-20200620-21:14:22-20653,0,exercise_7.Users[583].pppg$o[0].channel,throughput:stats,36404,,1366.7555109681,125.56441706073,440,2580.7879352208
General-0-20200620-21:14:22-20653,0,exercise_7.Users[584].pppg$o[0].channel,throughput:stats,33078,,1319.4384475939,175.47242215827,440,2753.689485387
General-0-20200620-21:14:22-20653,0,exercise_7.Users[585].pppg$o[0].channel,throughput:stats,32012,,1157.9446657368,94.707429412549,440,2422.5911833994
General-0-20200620-21:14:22-20653,0,exercise_7.Users[586].pppg$o[0].channel,throughput:stats,32025,,1366.6622644171,198.99161151086,440,2857.6200652602
General-0-20200620-21:14:22-20653,0,exercise_7.Users[587].pppg$o[0].channel,throughput:stats,34684,,1302.0908915948,231.70459129409,440,2764.5533078964
General-0-20200620-21:14:22-20653,0,exercise_7.Users[588].pppg$o[0].channel,throughput:stats,34158,,1501.7346318162,239.33478448852,440,2452.4013461673
General-0-20200620-21:14:22-20653,0,exercise_7.Users[589].pppg$o[0].channel,throughput:stats,33718,,1377.7380033219,73.399178235398,440,2420.7427830739
General-0-20200620-21:14:22-20653,0,exercise_7.Users[590].pppg$o[0].channel,throughput:stats,32868,,1293.5320479209,128.96339058908,223.80814763626,2420.2811236276
General-0-20200620-21:14:22-20653,0,exercise_7.Users[591].pppg$o[0].channel,throughput:stats,30732,,1141.4689829851,124.22053178845,440,2419.8196402338
General-0-20200620-21:14:22-20653,0,exercise_7.Users[592].pppg$o[0].channel,throughput:stats,31110,,1273.6678584735,98.421061565919,440,2419.3583327918
General-0-20200620-21:14:22-20653,0,exercise_7.Users[593].pppg$o[0].channel,throughput:stats,31213,,1241.173223952,78.118000390637,423.2191257103,2418.8972012008
General-0-20200620-21:14:22-20653,0,exercise_7.Users[594].pppg$o[0].channel,throughput:stats,35425,,1205.4583510235,134.13155812794,349.85768610203,2690.4109101752
General-0-20200620-21:14:22-20653,0,exercise_7.Users[595].pppg$o[0].channel,throughput:stats,33040,,1137.746318687,127.45657507769,440,2417.9754651702
General-0-20200620-21:14:22-20653,0,exercise_7.Users[596].pppg$o[0].channel,throughput:stats,30900,,1261.651313732,104.02078640535,362.59725930961,2417.5148605297
General-0-20200620-21:14:22-20653,0,exercise_7.Users[597].pppg$o[0].channel,throughput:stats,32057,,1149.2474598653,111.8523132828,440,2417.0544313386
General-0-20200620-21:14:22-20653,0,exercise_7.Users[598].pppg$o[0].channel,throughput:stats,31144,,1175.6049251862,111.43578550437,440,2416.5941774968
General-0-20200620-21:14:22-20653,0,exercise_7.Users[599].pppg$o[0].channel,throughput:stats,32410,,1211.2127722848,90.100193100012,440,2416.134098904
General-0-20200620-21:14:22-20653,0,exercise_7.Users[600].pppg$o[0].channel,throughput:stats,33746,,1232.0799515602,145.60989362849,385.27140950745,2814.9797969419
General-0-20200620-21:14:22-20653,0,exercise_7.Users[601].pppg$o[0].channel,throughput:stats,29572,,1285.6666876135,268.09536036228,440,2838.719440336
General-0-20200620-21:14:22-20653,0,exercise_7.Users[602].pppg$o[0].channel,throughput:stats,30251,,1198.4964044631,117.69342508755,440,2795.9706529521
General-0-20200620-21:14:22-20653,0,exercise_7.Users[603].pppg$o[0].channel,throughput:stats,27794,,1052.1635735163,125.92065074225,324.28282245186,2749.8470674159
General-0-20200620-21:14:22-20653,0,exercise_7.Users[604].pppg$o[0].channel,throughput:stats,31054,,1182.3456874119,128.88266275984,440,2806.4140304164
General-0-20200620-21:14:22-20653,0,exercise_7.Users[605].pppg$o[0].channel,throughput:stats,31211,,1179.1323353241,136.49075931436,174.75510642105,2424.8129932458
General-0-20200620-21:14:22-20653,0,exercise_7.Users[606].pppg$o[0].channel,throughput:stats,33810,,1327.1998248554,153.58341054875,440,2424.3497801848
General-0-20200620-21:14:22-20653,0,exercise_7.Users[607].pppg$o[0].channel,throughput:stats,30544,,1320.247392621,201.6175098557,440,2644.6151155366
General-0-20200620-21:14:22-20653,0,exercise_7.Users[608].pppg$o[0].channel,throughput:stats,30407,,1276.9529085945,141.96895701575,440,2600.5504057829
General-0-20200620-21:14:22-20653,0,exercise_7.Users[609].pppg$o[0].channel,throughput:stats,31375,,1307.4585522287,142.50559908626,440,2800.7580393337
General-0-20200620-21:14:22-20653,0,exercise_7.Users[610].pppg$o[0].channel,throughput:stats,31000,,1089.5486652522,126.99671910544,440,2516.4798811687
General-0-20200620-21:14:22-20653,0,exercise_7.Users[611].pppg$o[0].channel,throughput:stats,33362,,1270.4502992155,117.99236056282,440,2677.2103067465
General-0-20200620-21:14:22-20653,0,exercise_7.Users[612].pppg$o[0].channel,throughput:stats,32800,,1242.2687999864,159.09441128216,440,2421.5742140509
General-0-20200620-21:14:22-20653,0,exercise_7.Users[613].pppg$o[0].channel,throughput:stats,31710,,1250.902112457,110.81259162685,440,2421.1122374563
General-0-20200620-21:14:22-20653,0,exercise_7.Users[614].pppg$o[0].channel,throughput:stats,33345,,1305.2282096595,73.841161090314,440,2420.6504370956
General-0-20200620-21:14:22-20653,0,exercise_7.Users[615].pppg$o[0].channel,throughput:stats,31863,,1148.9178738229,100.71056943913,440,2420.1888128679
General-0-20200620-21:14:22-20653,0,exercise_7.Users[616].pppg$o[0].channel,throughput:stats,32268,,1246.5425198866,177.37706069381,440,2572.380902861
General-0-20200620-21:14:22-20653,0,exercise_7.Users[617].pppg$o[0].channel,throughput:stats,31514,,1169.2099005033,161.42716504625,440,2829.4148407962
General-0-20200620-21:14:22-20653,0,exercise_7.Users[618].pppg$o[0].channel,throughput:stats,31678,,1232.6316445827,172.60989934547,440,2792.6423231886
General-0-20200620-21:14:22-20653,0,exercise_7.Users[619].pppg$o[0].channel,throughput:stats,32936,,1220.2697174681,64.401385450873,440,2418.3440752736
General-0-20200620-21:14:22-20653,0,exercise_7.Users[620].pppg$o[0].channel,throughput:stats,32164,,1318.022006537,165.58783747618,440,2436.1628808081
General-0-20200620-21:14:22-20653,0,exercise_7.Users[621].pppg$o[0].channel,throughput:stats,33543,,1307.7342081664,128.67625386751,440,2417.4227606587
General-0-20200620-21:14:22-20653,0,exercise_7.Users[622].pppg$o[0].channel,throughput:stats,32004,,1435.2405542965,187.36477031171,440,2457.1016091626
General-0-20200620-21:14:22-20653,0,exercise_7.Users[623].pppg$o[0].channel,throughput:stats,33412,,1308.163922997,124.28569339548,440,2416.5021477615
General-0-20200620-21:14:22-20653,0,exercise_7.Users[624].pppg$o[0].channel,throughput:stats,33571,,1227.5730728944,127.38118640379,240.16640064406,2416.0421042065
